dataset,algorithm,fold,roc_auc,train_time_s,inference_time_s,error
pc4,random_forest,0,0.9541015625,0.0910490030655637,0.0129924359498545,
pc4,random_forest,1,0.9480794270833334,0.0808907410828396,0.0129369330825284,
pc4,random_forest,2,0.94970703125,0.0812560890335589,0.0129450539825484,
pc4,random_forest,3,0.9392299107142856,0.0817701290361583,0.0129290409386157,
pc4,random_forest,4,0.9256696428571428,0.0817334039602428,0.0129216989735141,
pc4,xgboost,0,0.9569227430555556,0.8983365440508351,0.0048936879029497,
pc4,xgboost,1,0.9480251736111112,0.043499688967131,0.0046101229963824,
pc4,xgboost,2,0.9578993055555556,0.0430367259541526,0.0046639539068564,
pc4,xgboost,3,0.9376116071428572,0.0426710289902985,0.0049688710132613,
pc4,xgboost,4,0.9345982142857144,0.0430690350476652,0.0044871889986097,
pc4,lightgbm,0,0.955078125,0.0449735369766131,0.001422610017471,
pc4,lightgbm,1,0.9484592013888888,0.0396297939587384,0.0012571329716593,
pc4,lightgbm,2,0.9398871527777778,0.0401698839850723,0.0012930259108543,
pc4,lightgbm,3,0.9368303571428572,0.0391852689208462,0.0012551000108942,
pc4,lightgbm,4,0.9389508928571428,0.0407910339999944,0.0012654549209401,
pc4,catboost,0,0.9613715277777778,4.766556788934395,0.0018293389584869,
pc4,catboost,1,0.9507378472222222,4.766612402047031,0.0016930949641391,
pc4,catboost,2,0.9520399305555556,4.5188954720506445,0.0017012470634654,
pc4,catboost,3,0.9454241071428572,4.607387566938996,0.0015654950402677,
pc4,catboost,4,0.9410714285714286,4.968790718005039,0.0018034210661426,
pc4,tabpfn,0,0.9717881944444444,0.7946953549981117,1.3937007579952478,
pc4,tabpfn,1,0.9627821180555556,0.3901458730688318,0.2997020150069147,
pc4,tabpfn,2,0.9605034722222222,0.3889300019945949,0.299622225924395,
pc4,tabpfn,3,0.9533482142857144,0.3904751860536635,0.4392260890454054,
pc4,tabpfn,4,0.9520089285714286,0.3401394190732389,0.3005764650879428,
pc4,tabicl,0,0.9722222222222222,0.2965168659575283,0.2535924579715356,
pc4,tabicl,1,0.9684787326388888,0.2519807949429378,0.0802082800073549,
pc4,tabicl,2,0.9679904513888888,0.2550425690133124,0.0801997969392687,
pc4,tabicl,3,0.948325892857143,0.2562922709621489,0.134700020076707,
pc4,tabicl,4,0.9576450892857142,0.2539092829683795,0.0803353600203991,
pc3,random_forest,0,0.8380226868327403,0.0942512680776417,0.0130517950747162,
pc3,random_forest,1,0.863100533807829,0.0915553419617936,0.0130458149360492,
pc3,random_forest,2,0.897075177935943,0.0933939949609339,0.0130006789695471,
pc3,random_forest,3,0.7563058035714285,0.0920682899886742,0.0130592060741037,
pc3,random_forest,4,0.81328125,0.0832401800435036,0.0129951399285346,
pc3,xgboost,0,0.8410809608540925,0.8671429730020463,0.0049165820237249,
pc3,xgboost,1,0.8406361209964412,0.0508099859580397,0.004700509016402,
pc3,xgboost,2,0.8617660142348755,0.0495430590817704,0.0046364630106836,
pc3,xgboost,3,0.7558035714285715,0.0490710720187053,0.0050990449963137,
pc3,xgboost,4,0.8306919642857143,0.0482868179678916,0.0045268189860507,
pc3,lightgbm,0,0.8390791814946619,0.0501211150549352,0.0014912131009623,
pc3,lightgbm,1,0.8470862989323843,0.0462023769505322,0.0013835720019415,
pc3,lightgbm,2,0.8764457295373665,0.0452502210391685,0.0013751389924436,
pc3,lightgbm,3,0.7449776785714286,0.047048814012669,0.0013699010014533,
pc3,lightgbm,4,0.8095982142857143,0.0462590620154514,0.0013825000496581,
pc3,catboost,0,0.8316281138790036,4.517053764080629,0.001850550994277,
pc3,catboost,1,0.8556494661921707,4.441411653067917,0.0016471169656142,
pc3,catboost,2,0.8604314946619218,4.376789782894775,0.0017493589548394,
pc3,catboost,3,0.8205357142857144,4.590050854953006,0.0016541570657864,
pc3,catboost,4,0.8322544642857143,4.781737911980599,0.0020428089192137,
pc3,tabpfn,0,0.8906806049822064,0.7033668520161882,1.0359378079883754,
pc3,tabpfn,1,0.8723309608540925,0.3863837489625439,0.3023874670034274,
pc3,tabpfn,2,0.9000222419928826,0.3319417940219864,0.2997069330886006,
pc3,tabpfn,3,0.8099330357142858,0.3325697840191424,0.4406675070058554,
pc3,tabpfn,4,0.8290178571428571,0.3340633410261944,0.3000039879698306,
pc3,tabicl,0,0.8895685053380783,0.2414810109185055,0.2450530210044235,
pc3,tabicl,1,0.8916814946619217,0.2537052169209346,0.0815634590107947,
pc3,tabicl,2,0.8976312277580072,0.2524165260838344,0.0817486359737813,
pc3,tabicl,3,0.8318080357142857,0.250235170009546,0.1363005760358646,
pc3,tabicl,4,0.8408482142857143,0.2524638979230076,0.081769387004897,
jm1,random_forest,0,0.7583798202565755,0.2637515009846538,0.0131522750016301,
jm1,random_forest,1,0.7388099978898273,0.2495037349872291,0.0131300019565969,
jm1,random_forest,2,0.7397419908126329,0.2539129570359364,0.0131787749705836,
jm1,random_forest,3,0.7447157759754138,0.2528527600225061,0.0131339279469102,
jm1,random_forest,4,0.7570995530711171,0.2539786560228094,0.0131507029291242,
jm1,xgboost,0,0.738255401230393,0.8852554259356111,0.0040407110936939,
jm1,xgboost,1,0.7140797212407816,0.0707379480591043,0.003920431016013,
jm1,xgboost,2,0.7182818054420812,0.070365490973927,0.0039461890701204,
jm1,xgboost,3,0.7301542319783139,0.0695157579611986,0.0038724889745935,
jm1,xgboost,4,0.70528685813046,0.0684199169045314,0.003862434066832,
jm1,lightgbm,0,0.7683889372845865,0.069611630984582,0.0023697990691289,
jm1,lightgbm,1,0.7377393558021632,0.0641656470252201,0.0022507500834763,
jm1,lightgbm,2,0.7407422938117835,0.0642679999582469,0.0022945359814912,
jm1,lightgbm,3,0.7399327179564871,0.0644211990293115,0.0022927029058337,
jm1,lightgbm,4,0.731665113892602,0.0684255859814584,0.0023025979753583,
jm1,catboost,0,0.7731320913975295,5.166103860014118,0.0047578549711033,
jm1,catboost,1,0.7470072070512231,5.18765240709763,0.0030677040340378,
jm1,catboost,2,0.7445507496523626,5.17830211610999,0.0044807089725509,
jm1,catboost,3,0.7381782987679838,5.617631439003162,0.0028443089686334,
jm1,catboost,4,0.7341711562090708,5.704246893990785,0.0022270149784162,
jm1,tabpfn,0,0.7990736883112666,0.7144060730934143,1.7270742170512676,
jm1,tabpfn,1,0.7723475400256467,0.3953787579666823,0.7205797979841009,
jm1,tabpfn,2,0.7795052186192978,0.3400853989878669,0.7203862080350518,
jm1,tabpfn,3,0.765694409124603,0.3403715470340103,0.7201353320851922,
jm1,tabpfn,4,0.775240004860858,0.3395612440072,0.724137036013417,
jm1,tabicl,0,0.8019217450586791,0.3765870990464464,0.4630829339148476,
jm1,tabicl,1,0.7748838052364746,0.2928071710048243,0.3012499330798164,
jm1,tabicl,2,0.7803702541405375,0.2961716090794652,0.3009579560020938,
jm1,tabicl,3,0.7654860972086204,0.2961345129879191,0.3005893939407542,
jm1,tabicl,4,0.7797599276272262,0.2959811839973554,0.3016353499842807,
kc2,random_forest,0,0.7910733844468785,0.082026262069121,0.0129528070101514,
kc2,random_forest,1,0.8529572836801752,0.0792022630339488,0.012913457932882,
kc2,random_forest,2,0.7842799770510613,0.0698126018978655,0.0127842739457264,
kc2,random_forest,3,0.906196213425129,0.0696862339973449,0.0127777240704745,
kc2,random_forest,4,0.719162363740677,0.0798251460073515,0.0129261759575456,
kc2,xgboost,0,0.7897042716319825,0.8755870179738849,0.00325679697562,
kc2,xgboost,1,0.7746440306681271,0.0293660450261086,0.0031170980073511,
kc2,xgboost,2,0.7269076305220883,0.0287611789535731,0.0031238679075613,
kc2,xgboost,3,0.7957544463568561,0.0283993870252743,0.0030502169393002,
kc2,xgboost,4,0.6683878370625359,0.0279683819971978,0.0030420060502365,
kc2,lightgbm,0,0.7738225629791895,0.0216096900403499,0.0009529170347377,
kc2,lightgbm,1,0.8425520262869661,0.0195557840634137,0.0008710239781066,
kc2,lightgbm,2,0.7785427423981641,0.0195771970320493,0.0008832819294184,
kc2,lightgbm,3,0.8209982788296042,0.0195744320517405,0.0008858470246195,
kc2,lightgbm,4,0.6855995410212278,0.0192067120224237,0.0008929569739848,
kc2,catboost,0,0.8006571741511501,4.351547132944688,0.0021428989712148,
kc2,catboost,1,0.8759583789704272,4.442999009042978,0.0014772920403629,
kc2,catboost,2,0.7951807228915663,4.506989032961428,0.0012602470815181,
kc2,catboost,3,0.8720596672403901,5.075315595953725,0.0011525660520419,
kc2,catboost,4,0.6973608720596671,4.543223391985521,0.0011738080065697,
kc2,tabpfn,0,0.7869660460021906,0.6880119990091771,0.9981373730115592,
kc2,tabpfn,1,0.8907447973713032,0.3793931599939242,0.2800536720314994,
kc2,tabpfn,2,0.8141135972461274,0.330105653963983,0.4188494459958747,
kc2,tabpfn,3,0.9168100975329893,0.3302963699679822,0.2789212269708514,
kc2,tabpfn,4,0.7656339644291451,0.3279047689866274,0.2785185340326279,
kc2,tabicl,0,0.7880613362541073,0.222908028983511,0.0968911120435223,
kc2,tabicl,1,0.8880065717415115,0.3441149829886853,0.0498329339316114,
kc2,tabicl,2,0.8135398737808377,0.2404904679860919,0.0494674460496753,
kc2,tabicl,3,0.923121055651176,0.2394980509998276,0.0493867149343714,
kc2,tabicl,4,0.7885829030407343,0.2390185239491984,0.0493510919623076,
kc1,random_forest,0,0.8284205990088344,0.0937140739988535,0.0130027410341426,
kc1,random_forest,1,0.8273432449903038,0.0920041640056297,0.0129913239507004,
kc1,random_forest,2,0.8329239388062918,0.0903722199145704,0.0130152000347152,
kc1,random_forest,3,0.8463568266939054,0.0912084620213136,0.0129608489805832,
kc1,random_forest,4,0.7882022471910113,0.0917899030027911,0.0130017800256609,
kc1,xgboost,0,0.7712777418659772,0.8969970180187374,0.0033461309503763,
kc1,xgboost,1,0.7856927386339152,0.0388673730194568,0.0031804119935259,
kc1,xgboost,2,0.8117000646412411,0.0381690469803288,0.0031763559672981,
kc1,xgboost,3,0.8092441266598569,0.038632150972262,0.0031459210440516,
kc1,xgboost,4,0.7631590319792567,0.0381083659594878,0.0031090860720723,
kc1,lightgbm,0,0.7675285498814911,0.0436946420231834,0.0013722849544137,
kc1,lightgbm,1,0.7680672268907563,0.0400845659896731,0.0013048939872533,
kc1,lightgbm,2,0.8118724412842059,0.0397162040462717,0.0012992260744795,
kc1,lightgbm,3,0.7839419475655431,0.0396252670325338,0.0012798969401046,
kc1,lightgbm,4,0.746218668971478,0.0424342240439727,0.0013114040484651,
kc1,catboost,0,0.8345830639948287,4.301639387966134,0.00534074800089,
kc1,catboost,1,0.8183581124757595,4.153294135001488,0.0016895500011742,
kc1,catboost,2,0.853501400560224,4.1772582600824535,0.0014855240005999,
kc1,catboost,3,0.8203949608443991,4.649592107045464,0.001457521924749,
kc1,catboost,4,0.7916810717372516,4.662084924988449,0.0016335160471498,
kc1,tabpfn,0,0.8756948933419522,0.6825042720884085,1.4692182440776378,
kc1,tabpfn,1,0.84593837535014,0.3815326649928465,0.4598821110557765,
kc1,tabpfn,2,0.8727644904115492,0.3298990249168128,0.4587742920266464,
kc1,tabpfn,3,0.863508682328907,0.3330114450072869,0.4581621249672025,
kc1,tabpfn,4,0.8186041486603285,0.3308068740880117,0.7019794649677351,
kc1,tabicl,0,0.8743374272786038,0.3270956269698217,0.2476694979704916,
kc1,tabicl,1,0.8436543848308554,0.2464380039600655,0.0840172040043398,
kc1,tabicl,2,0.8804998922645982,0.2525629859883338,0.079118849011138,
kc1,tabicl,3,0.8681690500510726,0.2544891000725329,0.089381737052463,
kc1,tabicl,4,0.8160112359550562,0.2551845320267603,0.1355888709658756,
pc1,random_forest,0,0.7808373590982287,0.0827658290509134,0.0129088410176336,
pc1,random_forest,1,0.8394524959742351,0.0786404320970177,0.0129123260267078,
pc1,random_forest,2,0.905491504854369,0.0796482309233397,0.0129006780916824,
pc1,random_forest,3,0.8455703883495145,0.0802603780757635,0.0128918159753084,
pc1,random_forest,4,0.8705501618122977,0.0806154999881982,0.0128721561050042,
pc1,xgboost,0,0.8069243156199679,0.832969289040193,0.003281082957983,
pc1,xgboost,1,0.780354267310789,0.0326667780755087,0.0031152750598266,
pc1,xgboost,2,0.8401092233009708,0.032476121908985,0.0031548540573567,
pc1,xgboost,3,0.793992718446602,0.0321471599163487,0.0030877529643476,
pc1,xgboost,4,0.9116504854368932,0.0329272880917415,0.0031129120616242,
pc1,lightgbm,0,0.7610305958132045,0.0408493900904431,0.0011772430734708,
pc1,lightgbm,1,0.8270531400966185,0.0375772309489548,0.0011048740707337,
pc1,lightgbm,2,0.9095873786407768,0.0382993220118805,0.0011043139966204,
pc1,lightgbm,3,0.8246359223300971,0.0381396029843017,0.0011054250644519,
pc1,lightgbm,4,0.8870550161812298,0.0372012479929253,0.0011003179242834,
pc1,catboost,0,0.8396135265700484,4.092759405029938,0.0022466650698333,
pc1,catboost,1,0.8441223832528181,4.065904760966077,0.0018659739289432,
pc1,catboost,2,0.9150485436893204,4.507394761079922,0.0012986650690436,
pc1,catboost,3,0.8519417475728156,4.6684742430225015,0.0013051040004938,
pc1,catboost,4,0.9135922330097088,4.708132670028135,0.0013092110166326,
pc1,tabpfn,0,0.8524959742351047,0.6872891869861633,1.0226153390249235,
pc1,tabpfn,1,0.888888888888889,0.3819709309609607,0.2898327669827267,
pc1,tabpfn,2,0.8531553398058251,0.3323708969401195,0.2862062659114599,
pc1,tabpfn,3,0.8276699029126213,0.3288496530149132,0.2919762269593775,
pc1,tabpfn,4,0.877022653721683,0.3300091599812731,0.4236714059952646,
pc1,tabicl,0,0.8502415458937198,0.2301360130077228,0.0962946390500292,
pc1,tabicl,1,0.9098228663446056,0.3296513630775735,0.0807484280085191,
pc1,tabicl,2,0.8922936893203884,0.2459704539505764,0.0806428110226988,
pc1,tabicl,3,0.8628640776699029,0.2457360029220581,0.0808888890314847,
pc1,tabicl,4,0.9313915857605178,0.2418330080108717,0.0804041730007156,
balance-scale,random_forest,0,0.8256235451040556,0.0891522389138117,0.0131303530652076,
balance-scale,random_forest,1,0.8301611539623962,0.0816024700179696,0.0130010599968954,
balance-scale,random_forest,2,0.8377555455055923,0.0839737539645284,0.0130394180305302,
balance-scale,random_forest,3,0.8295340393355529,0.0820061020785942,0.0129575660685077,
balance-scale,random_forest,4,0.8549946627018166,0.0848158180015161,0.0130258470308035,
balance-scale,xgboost,0,0.9280207791303278,0.246734722983092,0.0021384860156103,
balance-scale,xgboost,1,0.9262701274164604,0.0423328629694879,0.0021027430193498,
balance-scale,xgboost,2,0.9269479369336788,0.0419656449230387,0.0019543319940567,
balance-scale,xgboost,3,0.9400620799992314,0.0420373020460829,0.0019547529518604,
balance-scale,xgboost,4,0.9362955338251272,0.042259813984856,0.0019780070288106,
balance-scale,lightgbm,0,0.9139446452089328,0.0422187220538035,0.0012011888902634,
balance-scale,lightgbm,1,0.9271929495874646,0.0407470000209286,0.0011464880080893,
balance-scale,lightgbm,2,0.9315998801732784,0.0406418619677424,0.0011435140622779,
balance-scale,lightgbm,3,0.926740489250469,0.0452125520678237,0.002054470940493,
balance-scale,lightgbm,4,0.926311926955262,0.0405639159725979,0.0011568729532882,
balance-scale,catboost,0,0.9464738044390616,0.3055685689905658,0.0010085130343213,
balance-scale,catboost,1,0.951724865891377,0.2510003079660237,0.0010344609618186,
balance-scale,catboost,2,0.9495364669990068,0.2504620059626177,0.0010064600501209,
balance-scale,catboost,3,0.958636460076571,0.2515208330005407,0.0010465889936313,
balance-scale,catboost,4,0.953274813671108,0.2496635059360414,0.0009670100407674,
balance-scale,tabpfn,0,1.0,0.7115885819075629,1.1584884820040315,
balance-scale,tabpfn,1,1.0,0.4347166380612179,0.3089582399697974,
balance-scale,tabpfn,2,1.0,0.3787290520267561,0.3088308000005781,
balance-scale,tabpfn,3,0.997713016556737,0.3784068520180881,0.3078066039597615,
balance-scale,tabpfn,4,1.0,0.3763215449871495,0.308216243982315,
balance-scale,tabicl,0,1.0,0.2410819910001009,0.0633281429763883,
balance-scale,tabicl,1,0.9997101449275362,0.2614661309635266,0.0456448059994727,
balance-scale,tabicl,2,0.9982931693126376,0.3867448550881818,0.0451140359509736,
balance-scale,tabicl,3,0.9994202898550724,0.2580594350583851,0.0450698899803683,
balance-scale,tabicl,4,1.0,0.256786298006773,0.0450633610598742,
mfeat-factors,random_forest,0,0.9971145833333336,0.1816630710382014,0.0149167750496417,
mfeat-factors,random_forest,1,0.99821875,0.1779244909994304,0.0141683999681845,
mfeat-factors,random_forest,2,0.99825,0.1793464389629662,0.0143561799777671,
mfeat-factors,random_forest,3,0.996902777777778,0.170088656945154,0.0142698910785838,
mfeat-factors,random_forest,4,0.9997326388888887,0.1744437450543046,0.0142899410566315,
mfeat-factors,xgboost,0,0.9994027777777778,0.8177213809685782,0.0203221080591902,
mfeat-factors,xgboost,1,0.998284722222222,0.7152763459598646,0.020233234972693,
mfeat-factors,xgboost,2,0.9977222222222222,0.5874970969744027,0.0197766860947012,
mfeat-factors,xgboost,3,0.9960138888888888,0.5994858790654689,0.0205663619562983,
mfeat-factors,xgboost,4,0.9997222222222224,0.6060151970013976,0.0200211399933323,
mfeat-factors,lightgbm,0,0.9993333333333334,1.012442768085748,0.0063901810208335,
mfeat-factors,lightgbm,1,0.9991805555555556,1.006489938008599,0.0066674140980467,
mfeat-factors,lightgbm,2,0.9978402777777776,1.006315789069049,0.0064297799253836,
mfeat-factors,lightgbm,3,0.9974027777777776,1.0216842560330406,0.007077264948748,
mfeat-factors,lightgbm,4,0.999763888888889,1.0103465039283035,0.0064176010200753,
mfeat-factors,catboost,0,0.9994444444444446,30.79634801694192,0.0068246080772951,
mfeat-factors,catboost,1,0.9987986111111112,30.4244845029898,0.0065792429959401,
mfeat-factors,catboost,2,0.9988055555555556,30.906986789079383,0.0061296130297705,
mfeat-factors,catboost,3,0.9982569444444443,31.48613332398236,0.005674815038219,
mfeat-factors,catboost,4,0.9999236111111112,31.19042080000509,0.0055292779579758,
mfeat-factors,tabpfn,0,0.9999444444444444,0.919923041947186,1.448065024917014,
mfeat-factors,tabpfn,1,0.9998541666666666,0.4960908200591802,0.5900126049527898,
mfeat-factors,tabpfn,2,0.9994375,0.4350578270386904,0.5916184880770743,
mfeat-factors,tabpfn,3,0.9996736111111112,0.4348215339705348,0.5909769119461998,
mfeat-factors,tabpfn,4,1.0,0.5514648619573563,0.5895572069566697,
mfeat-factors,tabicl,0,0.9999444444444444,0.5105452359421179,0.6072442689910531,
mfeat-factors,tabicl,1,0.9999236111111112,0.4654867330100387,0.4422537679784,
mfeat-factors,tabicl,2,0.9996319444444446,0.4936593470629304,0.445629928028211,
mfeat-factors,tabicl,3,0.9998125,0.4701479179784655,0.4445486969780177,
mfeat-factors,tabicl,4,0.999986111111111,0.4859760199906304,0.4447068820009008,
mfeat-fourier,random_forest,0,0.9803645833333332,0.1783123089699074,0.0136735929409042,
mfeat-fourier,random_forest,1,0.9756631944444444,0.1610479060327634,0.0136647389736026,
mfeat-fourier,random_forest,2,0.9822881944444444,0.15880176005885,0.0136431470746174,
mfeat-fourier,random_forest,3,0.9827013888888888,0.1582458820194006,0.0137216339353472,
mfeat-fourier,random_forest,4,0.9841458333333334,0.1605199699988588,0.0135968179674819,
mfeat-fourier,xgboost,0,0.982159722222222,0.9451268028933556,0.0098012429662048,
mfeat-fourier,xgboost,1,0.98175,0.7356770420446992,0.009073628927581,
mfeat-fourier,xgboost,2,0.9842986111111112,0.7374813900096342,0.0094999839784577,
mfeat-fourier,xgboost,3,0.9818333333333336,0.7283632550388575,0.0089954120339825,
mfeat-fourier,xgboost,4,0.9831875,0.7397588329622522,0.0096282350132241,
mfeat-fourier,lightgbm,0,0.982722222222222,0.7281457809731364,0.0057848390424624,
mfeat-fourier,lightgbm,1,0.9776180555555556,0.7291279939236119,0.0055047610076144,
mfeat-fourier,lightgbm,2,0.983611111111111,0.7299510810989887,0.0057779389899224,
mfeat-fourier,lightgbm,3,0.98,0.7308281880104914,0.0056328820064663,
mfeat-fourier,lightgbm,4,0.9842222222222222,0.7308405559742823,0.0055005650501698,
mfeat-fourier,catboost,0,0.983,21.32386848388705,0.0034864649642258,
mfeat-fourier,catboost,1,0.9807708333333331,20.8777315299958,0.0041672489605844,
mfeat-fourier,catboost,2,0.9857083333333334,20.72956472600345,0.0032866260735318,
mfeat-fourier,catboost,3,0.9849097222222222,20.600863832980394,0.0033154600532725,
mfeat-fourier,catboost,4,0.9852847222222222,20.142895141034387,0.0032628319459035,
mfeat-fourier,tabpfn,0,0.9922847222222222,0.7205593279795721,1.213025858043693,
mfeat-fourier,tabpfn,1,0.9908125,0.4514651820063591,0.361771046067588,
mfeat-fourier,tabpfn,2,0.9935625,0.4399310969747603,0.3602686880622059,
mfeat-fourier,tabpfn,3,0.9940347222222222,0.3944369920063764,0.366700469981879,
mfeat-fourier,tabpfn,4,0.9937638888888888,0.5095358940307051,0.3599750360008329,
mfeat-fourier,tabicl,0,0.9927569444444446,0.3150407730136066,0.36602606496308,
mfeat-fourier,tabicl,1,0.9926805555555556,0.329999407986179,0.1848700759001076,
mfeat-fourier,tabicl,2,0.9935694444444444,0.3331572450697422,0.185302029014565,
mfeat-fourier,tabicl,3,0.9945347222222224,0.3327136939624324,0.185342248994857,
mfeat-fourier,tabicl,4,0.994736111111111,0.3369540739804506,0.1850845660082996,
bank-marketing,random_forest,0,0.9309277319359432,0.7109823360806331,0.0340796540258452,
bank-marketing,random_forest,1,0.9288329169700285,0.6833585710264742,0.033534157089889,
bank-marketing,random_forest,2,0.9227656044603384,0.6802308370824903,0.0329466169932857,
bank-marketing,random_forest,3,0.929690134048816,0.681456953054294,0.0338110820157453,
bank-marketing,random_forest,4,0.9221087496353766,0.680538417887874,0.0336683569476008,
bank-marketing,xgboost,0,0.9337657564455092,0.9005114811006933,0.0056204569991678,
bank-marketing,xgboost,1,0.9334126368682054,0.0789192800875753,0.0054244128987193,
bank-marketing,xgboost,2,0.9262952890658444,0.0772546669468283,0.0054506120504811,
bank-marketing,xgboost,3,0.934449593894784,0.0778516710270196,0.0053942680824548,
bank-marketing,xgboost,4,0.9278090680415652,0.0777269039535895,0.0054460250539705,
bank-marketing,lightgbm,0,0.939859116751281,0.1065164960455149,0.0076729300199076,
bank-marketing,lightgbm,1,0.9390179908046604,0.1030697650276124,0.0076769159641116,
bank-marketing,lightgbm,2,0.9330615389569308,0.1025082840351387,0.00758198404219,
bank-marketing,lightgbm,3,0.94019099162408,0.1034301540348678,0.007603776990436,
bank-marketing,lightgbm,4,0.9323861570020948,0.1030925379600375,0.0076963349711149,
bank-marketing,catboost,0,0.941376612339062,14.588391857920216,0.0150819349801167,
bank-marketing,catboost,1,0.9408463954114534,14.61357736296486,0.0122677310137078,
bank-marketing,catboost,2,0.9354443764655966,14.640046549029648,0.0119831450283527,
bank-marketing,catboost,3,0.9408142845236788,14.637229331070555,0.0120606899727135,
bank-marketing,catboost,4,0.93140711953207,14.631985459011048,0.0123766929609701,
bank-marketing,tabpfn,0,0.9480604583499544,1.25069326790981,4.2830261250492185,
bank-marketing,tabpfn,1,0.9456067401685636,0.9301135101122782,3.4841100990306586,
bank-marketing,tabpfn,2,0.942420107227688,0.9050321709364652,3.3179542960133404,
bank-marketing,tabpfn,3,0.9482341336737748,0.917334413039498,3.329139264998957,
bank-marketing,tabpfn,4,0.9408177176659556,0.9394921939820052,3.319732398027554,
bank-marketing,tabicl,0,0.9451777493954284,0.4738883950049057,1.8006116970209405,
bank-marketing,tabicl,1,0.9427209485145102,0.5008175709517673,1.687483730958775,
bank-marketing,tabicl,2,0.9390730894681611,0.5936379969352856,1.6274741078959778,
bank-marketing,tabicl,3,0.94466408005046,0.483076213975437,1.6260179270757362,
bank-marketing,tabicl,4,0.9378063191600592,0.4846083580050617,1.6243542559677735,
banknote-authentication,random_forest,0,1.0,0.0811698290053755,0.0127889510476961,
banknote-authentication,random_forest,1,1.0,0.0794219620293006,0.0127541789552196,
banknote-authentication,random_forest,2,0.9999460742018982,0.0789508869638666,0.0126658669905737,
banknote-authentication,random_forest,3,0.99970340811044,0.0796320969238877,0.0127559619722887,
banknote-authentication,random_forest,4,0.9998382226056944,0.0795235240366309,0.0127481699455529,
banknote-authentication,xgboost,0,1.0,0.8648368900176138,0.0015055440599098,
banknote-authentication,xgboost,1,0.9998928533161898,0.0139847820391878,0.0014177829725667,
banknote-authentication,xgboost,2,1.0,0.013620947021991,0.001306936959736,
banknote-authentication,xgboost,3,1.0,0.0135943769710138,0.0013022900093346,
banknote-authentication,xgboost,4,1.0,0.0140937549294903,0.0013294910313561,
banknote-authentication,lightgbm,0,1.0,0.0298924830276519,0.0009661670774221,
banknote-authentication,lightgbm,1,0.9996785599485696,0.02701108797919,0.0008788859704509,
banknote-authentication,lightgbm,2,1.0,0.0273241770919412,0.0009039030410349,
banknote-authentication,lightgbm,3,0.999676445211389,0.0271981690311804,0.0008820310467854,
banknote-authentication,lightgbm,4,1.0,0.027262013987638,0.000909921946004,
banknote-authentication,catboost,0,1.0,4.045728227938525,0.001221819082275,
banknote-authentication,catboost,1,1.0,4.009156601969153,0.0010148489382117,
banknote-authentication,catboost,2,1.0,3.965331095037982,0.0009906439809128,
banknote-authentication,catboost,3,0.9998921484037964,4.585073853028007,0.0007938890485092,
banknote-authentication,catboost,4,1.0,4.120580177055672,0.0008299329783767,
banknote-authentication,tabpfn,0,1.0,0.691044170060195,0.9954618570627644,
banknote-authentication,tabpfn,1,1.0,0.3777711619623005,0.2826148079475388,
banknote-authentication,tabpfn,2,1.0,0.3255841430509463,0.4188541920157149,
banknote-authentication,tabpfn,3,1.0,0.3311442589620128,0.2820628710323944,
banknote-authentication,tabpfn,4,1.0,0.3252370239933952,0.2816187560092658,
banknote-authentication,tabicl,0,1.0,0.2100326990475878,0.2253062200034037,
banknote-authentication,tabicl,1,1.0,0.2286343340529129,0.0525835719890892,
banknote-authentication,tabicl,2,1.0,0.3149269439745694,0.1122378529980778,
banknote-authentication,tabicl,3,1.0,0.207067206967622,0.0539169190451502,
banknote-authentication,tabicl,4,1.0,0.2045505089918151,0.0537222870625555,
blood-transfusion-service-center,random_forest,0,0.6645955165692008,0.0829519780818373,0.0128744990797713,
blood-transfusion-service-center,random_forest,1,0.743421052631579,0.0780316611053422,0.0128226010128855,
blood-transfusion-service-center,random_forest,2,0.6944444444444444,0.0776781610911712,0.0128525069449096,
blood-transfusion-service-center,random_forest,3,0.700375939849624,0.0779902089852839,0.0128329069120809,
blood-transfusion-service-center,random_forest,4,0.6274436090225565,0.0796057169791311,0.0128532580565661,
blood-transfusion-service-center,xgboost,0,0.7032163742690059,0.8844778309576213,0.0015679580392315,
blood-transfusion-service-center,xgboost,1,0.7441520467836256,0.0175428590737283,0.0014355200110003,
blood-transfusion-service-center,xgboost,2,0.6691033138401559,0.0172498920001089,0.0014221790479496,
blood-transfusion-service-center,xgboost,3,0.6923558897243107,0.0174379430245608,0.0014249640516936,
blood-transfusion-service-center,xgboost,4,0.6596491228070176,0.0177282880758866,0.0014197559794411,
blood-transfusion-service-center,lightgbm,0,0.7055311890838205,0.0182185519952327,0.0008649859810248,
blood-transfusion-service-center,lightgbm,1,0.7546296296296297,0.0161122279241681,0.0007695230888202,
blood-transfusion-service-center,lightgbm,2,0.6916423001949317,0.0161620019935071,0.0007774040568619,
blood-transfusion-service-center,lightgbm,3,0.7160401002506266,0.016270415042527,0.0007851959671825,
blood-transfusion-service-center,lightgbm,4,0.6525062656641604,0.0161157030379399,0.0007654760265722,
blood-transfusion-service-center,catboost,0,0.7280701754385965,3.996270176023245,0.0010912549914792,
blood-transfusion-service-center,catboost,1,0.7775341130604289,3.9524438469670713,0.0011298420140519,
blood-transfusion-service-center,catboost,2,0.7097953216374269,3.730583486962132,0.0006600690539926,
blood-transfusion-service-center,catboost,3,0.7639097744360903,3.712604052969255,0.0006943190237507,
blood-transfusion-service-center,catboost,4,0.7411027568922306,3.79992271005176,0.0007938389899209,
blood-transfusion-service-center,tabpfn,0,0.7473196881091618,0.6898899809457362,0.991996928001754,
blood-transfusion-service-center,tabpfn,1,0.8057992202729044,0.3768070179503411,0.2804858490126207,
blood-transfusion-service-center,tabpfn,2,0.722953216374269,0.3251256260555237,0.278583180042915,
blood-transfusion-service-center,tabpfn,3,0.7832080200501252,0.3326532889623195,0.4169272270519286,
blood-transfusion-service-center,tabpfn,4,0.7498746867167919,0.3274216949939728,0.2827364900149405,
blood-transfusion-service-center,tabicl,0,0.7592592592592591,0.2176080020144581,0.069808577070944,
blood-transfusion-service-center,tabicl,1,0.7950779727095516,0.2372227340238168,0.043544205953367,
blood-transfusion-service-center,tabicl,2,0.7195419103313839,0.317992735072039,0.0475252179894596,
blood-transfusion-service-center,tabicl,3,0.7789473684210526,0.211476620985195,0.0426345339510589,
blood-transfusion-service-center,tabicl,4,0.7588972431077694,0.2115310420049354,0.0435318169184029,
cnae-9,random_forest,0,0.9939236111111112,0.1480230800807476,0.0156518189469352,
cnae-9,random_forest,1,0.9934172453703703,0.1483398349955678,0.0157788279466331,
cnae-9,random_forest,2,0.9927300347222222,0.1479426600271836,0.0156763549894094,
cnae-9,random_forest,3,0.9963107638888888,0.1483530950499698,0.0157295640092343,
cnae-9,random_forest,4,0.9900655864197532,0.1473071189830079,0.0156718089710921,
cnae-9,xgboost,0,0.9901138117283952,1.427984947920777,0.066343878977932,
cnae-9,xgboost,1,0.9951774691358024,0.5614902669331059,0.0644755510147661,
cnae-9,xgboost,2,0.9936342592592592,0.5531898969784379,0.1945830930490046,
cnae-9,xgboost,3,0.9964554398148148,0.654815127956681,0.0643856159877032,
cnae-9,xgboost,4,0.9850742669753084,0.6465613481123,0.0642266370123252,
cnae-9,lightgbm,0,0.9754050925925928,0.1576876839390024,0.008160931058228,
cnae-9,lightgbm,1,0.986062885802469,0.165637708036229,0.0101038799621164,
cnae-9,lightgbm,2,0.9768277391975309,0.161338230012916,0.0081564639694988,
cnae-9,lightgbm,3,0.9847849151234568,0.1606344459578395,0.0082613009726628,
cnae-9,lightgbm,4,0.976707175925926,0.15521006193012,0.0081469400320202,
cnae-9,catboost,0,0.9919945987654322,5.711293805972673,0.0153111480176448,
cnae-9,catboost,1,0.9949845679012346,5.974934841971844,0.0148747750790789,
cnae-9,catboost,2,0.995949074074074,5.997412380995229,0.0149721900233998,
cnae-9,catboost,3,0.9979745370370368,5.491363837965764,0.0148610139731317,
cnae-9,catboost,4,0.9910059799382716,5.915190386003815,0.096858181990683,
cnae-9,tabpfn,0,0.9946952160493828,1.3262960320571435,1.830157440970652,
cnae-9,tabpfn,1,0.994092399691358,1.0350825870409608,1.050471983035095,
cnae-9,tabpfn,2,0.995804398148148,1.0050718979910016,1.383046194096096,
cnae-9,tabpfn,3,0.996358989197531,1.0142241229768842,0.9713773110415788,
cnae-9,tabpfn,4,0.994140625,0.9921037290478124,0.8392526879906654,
cnae-9,tabicl,0,0.9968412422839504,1.2196856359951198,0.7630160859553143,
cnae-9,tabicl,1,0.9988425925925928,1.3409110880456865,0.6878788500325754,
cnae-9,tabicl,2,0.9989872685185184,1.2739353129873052,0.7308920609066263,
cnae-9,tabicl,3,0.9984809027777778,1.2819615320768207,0.715749075054191,
cnae-9,tabicl,4,0.9966483410493828,1.2543348119361326,0.6814904629718512,
first-order-theorem-proving,random_forest,0,0.8285204940082025,0.2614247769815847,0.0132228010334074,
first-order-theorem-proving,random_forest,1,0.8514458744984476,0.2458903240039944,0.0132030110107734,
first-order-theorem-proving,random_forest,2,0.8343430097264367,0.2555964989587664,0.013144243042916,
first-order-theorem-proving,random_forest,3,0.8349615547138792,0.2451466909842565,0.0133256540866568,
first-order-theorem-proving,random_forest,4,0.8315118687629574,0.2556008750107139,0.0131820900132879,
first-order-theorem-proving,xgboost,0,0.8315158563250794,1.5012934359256178,0.0085041150450706,
first-order-theorem-proving,xgboost,1,0.8544674784916065,0.6711097889347002,0.0090610679471865,
first-order-theorem-proving,xgboost,2,0.847833732900447,0.6553770489990711,0.0082797589711844,
first-order-theorem-proving,xgboost,3,0.8429329708796091,0.6627822379814461,0.0083585659740492,
first-order-theorem-proving,xgboost,4,0.8390533833484994,0.6594868339598179,0.0082905651070177,
first-order-theorem-proving,lightgbm,0,0.8305115659207921,0.5146458779927343,0.0069487059954553,
first-order-theorem-proving,lightgbm,1,0.8542371153089588,0.5114313949598,0.0068478239700198,
first-order-theorem-proving,lightgbm,2,0.8446717674899102,0.5147403200389817,0.0072581089334562,
first-order-theorem-proving,lightgbm,3,0.8413786231946556,0.4974908189615235,0.0069748440291732,
first-order-theorem-proving,lightgbm,4,0.832139435123192,0.494959988980554,0.0070028969785198,
first-order-theorem-proving,catboost,0,0.8302677109169562,10.463356459978968,0.0035180080449208,
first-order-theorem-proving,catboost,1,0.8565229560936909,10.389127814909443,0.0035582180134952,
first-order-theorem-proving,catboost,2,0.845522362473241,10.310914682922885,0.0032710479572415,
first-order-theorem-proving,catboost,3,0.8430937514933311,10.270915956003591,0.003476997022517,
first-order-theorem-proving,catboost,4,0.8359838406968582,10.29726629506331,0.0031650600722059,
first-order-theorem-proving,tabpfn,0,0.848767843907241,0.7048154819058254,1.6262510269880297,
first-order-theorem-proving,tabpfn,1,0.8641130777733186,0.4008320650318637,0.7275521700503305,
first-order-theorem-proving,tabpfn,2,0.8608091077682469,0.3438455089926719,0.7281363350339234,
first-order-theorem-proving,tabpfn,3,0.8577565952147631,0.3435439469758421,0.8622012719279155,
first-order-theorem-proving,tabpfn,4,0.8510773912342949,0.3459448029752821,0.728707870002836,
first-order-theorem-proving,tabicl,0,0.8513600179913312,0.2989371899748221,0.4250274469377473,
first-order-theorem-proving,tabicl,1,0.8720195026469596,0.3049386880593374,0.2750373909948393,
first-order-theorem-proving,tabicl,2,0.865823224956172,0.2952177110128104,0.2754110699752345,
first-order-theorem-proving,tabicl,3,0.8632923995400255,0.2980702320346609,0.3307831489946693,
first-order-theorem-proving,tabicl,4,0.8612065217176688,0.3020838029915467,0.2764777480624616,
har,random_forest,0,0.9994381062599772,1.8572050540242344,0.0201633740216493,
har,random_forest,1,0.9994768654009536,1.8723994669271635,0.0184202139498665,
har,random_forest,2,0.9994750755970632,1.8892695190152156,0.0195628750370815,
har,random_forest,3,0.9993357902286996,1.9002780850278211,0.0184087459929287,
har,random_forest,4,0.9995943307007024,1.881229090038687,0.0184022960020229,
har,xgboost,0,0.9998131732414888,5.932170783984475,0.0453088690992444,
har,xgboost,1,0.9998968663195968,5.106771290069446,0.0454197149956598,
har,xgboost,2,0.9999378287382767,5.191090125008486,0.0456210969714447,
har,xgboost,3,0.999855653738963,5.110915857017972,0.0459171299589797,
har,xgboost,4,0.9998823177982468,5.148151506087743,0.153918529045768,
har,lightgbm,0,0.9998563181739704,4.878100792062469,0.0133916239719837,
har,lightgbm,1,0.9998613435812675,4.91833847691305,0.0158961949637159,
har,lightgbm,2,0.9999340285751698,4.955291202990338,0.0137890190817415,
har,lightgbm,3,0.999900086195014,4.89487903797999,0.0135750189656391,
har,lightgbm,4,0.9998602551563672,4.92250913195312,0.0135051180841401,
har,catboost,0,0.9998957589312992,86.12282757100184,0.0129141539800912,
har,catboost,1,0.999874257863076,85.92099378095008,0.0131309389835223,
har,catboost,2,0.9998863303919858,85.89885772101115,0.0125728630227968,
har,catboost,3,0.9998787438534168,85.59710077394266,0.0129486150108277,
har,catboost,4,0.9998259922288674,80.99720079102553,0.0132049790117889,
har,tabpfn,0,0.9999705547075092,0.997626577038318,3.723205415997654,
har,tabpfn,1,0.9999726721154626,0.6704113560263067,2.8157387089449912,
har,tabpfn,2,0.9999753769452492,0.6417344440706074,2.72464167594444,
har,tabpfn,3,0.9999823154276132,0.6433791660238057,2.820215301006101,
har,tabpfn,4,0.999979087693192,0.6399343679659069,2.940671087941155,
har,tabicl,0,0.999995717048365,1.8017005730653184,4.047780032968149,
har,tabicl,1,0.999991970743016,1.8608340030768888,3.9484312660060814,
har,tabicl,2,0.9999860826212278,1.9643726219655944,3.941242023021914,
har,tabicl,3,0.999983923116012,1.8645414430648088,3.9470145660452554,
har,tabicl,4,0.9999951740830444,1.8551669080043207,4.025660899002105,
ilpd,random_forest,0,0.762987012987013,0.0820106799947097,0.0136916380142793,
ilpd,random_forest,1,0.7230687455705174,0.0805824811104685,0.0136286239139735,
ilpd,random_forest,2,0.7142097802976611,0.081225543981418,0.0137060789857059,
ilpd,random_forest,3,0.7732749178532311,0.0819547970313578,0.0136669819476082,
ilpd,random_forest,4,0.7891566265060241,0.0811897809617221,0.0136710170190781,
ilpd,xgboost,0,0.7398989898989898,0.8905007069697604,0.0023450509179383,
ilpd,xgboost,1,0.6913536498936924,0.0225612769136205,0.0020505200373008,
ilpd,xgboost,2,0.6980864635010631,0.0223686390090733,0.0020674359984695,
ilpd,xgboost,3,0.774005111354509,0.022758831968531,0.0020476060453802,
ilpd,xgboost,4,0.7867834976268712,0.0223094900138676,0.0020185019820928,
ilpd,lightgbm,0,0.7615440115440115,0.0179347210796549,0.0014983029104769,
ilpd,lightgbm,1,0.7228915662650601,0.0160090680001303,0.0014155489625409,
ilpd,lightgbm,2,0.7026931254429483,0.0162427369505167,0.001425313996151,
ilpd,lightgbm,3,0.7710843373493975,0.0163079450139775,0.0014339369954541,
ilpd,lightgbm,4,0.778021175611537,0.0163684349972754,0.0013950980501249,
ilpd,catboost,0,0.7806637806637806,0.5181242940016091,0.0009078199509531,
ilpd,catboost,1,0.7604535790219702,0.4630958499619737,0.0009097919100895,
ilpd,catboost,2,0.7267895109851169,0.4626967229414731,0.0008362419903278,
ilpd,catboost,3,0.7809419496166484,0.4751237380551174,0.0008715840522199,
ilpd,catboost,4,0.7889740781307046,0.4658685410395264,0.0013569720322266,
ilpd,tabpfn,0,0.8041125541125541,0.688397022895515,0.9975158610614016,
ilpd,tabpfn,1,0.7820694542877392,0.3854333899216726,0.2811791589483619,
ilpd,tabpfn,2,0.7388377037562012,0.3322114499751478,0.2814748419914394,
ilpd,tabpfn,3,0.769258853596203,0.3320156480185687,0.4210053560091182,
ilpd,tabpfn,4,0.8039430449069004,0.3346780539723113,0.2807809630176052,
ilpd,tabicl,0,0.8232323232323232,0.212786047020927,0.0813708819914609,
ilpd,tabicl,1,0.7980155917788803,0.2440536179346963,0.0451518880436196,
ilpd,tabicl,2,0.7852586817859674,0.3259071019710973,0.0459917149273678,
ilpd,tabicl,3,0.7769258853596203,0.2333354710135609,0.0456345409620553,
ilpd,tabicl,4,0.8163563344286235,0.2329113070154562,0.0446930909529328,
madelon,random_forest,0,0.7547115384615385,0.4146219290560111,0.0150265669217333,
madelon,random_forest,1,0.751457100591716,0.3282308410853147,0.0150013179518282,
madelon,random_forest,2,0.8002366863905325,0.3381644330220297,0.0149958109250292,
madelon,random_forest,3,0.80103550295858,0.3297104260418564,0.015064183040522,
madelon,random_forest,4,0.7867455621301775,0.3237202180316672,0.0149457859806716,
madelon,xgboost,0,0.8887426035502958,1.53834159206599,0.0394189150538295,
madelon,xgboost,1,0.8803772189349113,0.7064985240576789,0.0385222829645499,
madelon,xgboost,2,0.8971301775147928,0.7184165060753003,0.0382137900451198,
madelon,xgboost,3,0.8801331360946746,0.7095951800001785,0.0383105550426989,
madelon,xgboost,4,0.8748816568047337,0.6939554350683466,0.037813851959072,
madelon,lightgbm,0,0.8953698224852071,0.2940222470788285,0.005463239038363,
madelon,lightgbm,1,0.8803994082840237,0.2969598839990794,0.005988035001792,
madelon,lightgbm,2,0.91603550295858,0.2928805269766599,0.0056022569769993,
madelon,lightgbm,3,0.8986686390532546,0.2898784129647538,0.0054462139960378,
madelon,lightgbm,4,0.881923076923077,0.2928515640087425,0.0055268749129027,
madelon,catboost,0,0.9202366863905328,8.653875613003038,0.0118622590089216,
madelon,catboost,1,0.9109171597633136,12.116350032039918,0.0101854089880362,
madelon,catboost,2,0.9411094674556212,11.744344296050258,0.0103266310179606,
madelon,catboost,3,0.9321597633136094,12.004959066980518,0.0108252259669825,
madelon,catboost,4,0.928121301775148,11.794405153021216,0.0103169749490916,
madelon,tabpfn,0,0.9695414201183432,0.794793471111916,2.77460056100972,
madelon,tabpfn,1,0.9679437869822484,0.4982236610958352,1.6937199420062825,
madelon,tabpfn,2,0.972914201183432,0.4434553059982136,1.6898731141118333,
madelon,tabpfn,3,0.965414201183432,0.5418366949306801,1.6879643859574571,
madelon,tabpfn,4,0.973801775147929,0.4446826629573479,1.7004347750917077,
madelon,tabicl,0,0.9713831360946746,0.7972660029772669,1.0175945910159498,
madelon,tabicl,1,0.9698816568047338,0.8943213269812986,0.9353792750043796,
madelon,tabicl,2,0.9747559171597632,0.8141683380817994,0.9373856890015304,
madelon,tabicl,3,0.9659763313609468,0.8072307920083404,0.9454806179273874,
madelon,tabicl,4,0.9732544378698224,0.8106685790698975,0.9381747710285708,
nomao,random_forest,0,0.9943067248565888,0.994296783930622,0.0560175359714776,
nomao,random_forest,1,0.9940686551375733,0.9894515259657056,0.0541045139543712,
nomao,random_forest,2,0.9942975275998118,0.9870727279921994,0.0535866209538653,
nomao,random_forest,3,0.9935080259043608,0.9768439009785652,0.0524458499858155,
nomao,random_forest,4,0.9947203589017256,0.949015161022544,0.0527479099109768,
nomao,xgboost,0,0.9956333312698608,0.5837042951025069,0.0170548700261861,
nomao,xgboost,1,0.9954431791880566,0.3565257210284471,0.1245747179491445,
nomao,xgboost,2,0.9958535818591912,0.3581047969637438,0.0153333919588476,
nomao,xgboost,3,0.9952177619883168,0.3581893329974264,0.0160883070202544,
nomao,xgboost,4,0.995920830550214,0.3540559669490903,0.0170017500640824,
nomao,lightgbm,0,0.9949483616029056,0.4771322000306099,0.0122800871031358,
nomao,lightgbm,1,0.994869554042162,0.5074862570036203,0.0121514649363234,
nomao,lightgbm,2,0.9954688100158466,0.4727458279812708,0.0123754690866917,
nomao,lightgbm,3,0.9947600686349216,0.4616709980182349,0.0115025369450449,
nomao,lightgbm,4,0.9952873313780328,0.4702260179910809,0.0121944400016218,
nomao,catboost,0,0.9952034583797617,40.71583786106203,0.0192245059879496,
nomao,catboost,1,0.9953722173791248,40.56744503497612,0.0214688229607418,
nomao,catboost,2,0.99589236331291,38.90685464302078,0.0186474149813875,
nomao,catboost,3,0.9945122180144802,40.7721382699674,0.018634314998053,
nomao,catboost,4,0.9957159902122212,40.36888421699405,0.0219504920532926,
nomao,tabpfn,0,0.9966880236061244,2.841440311050974,8.044181979028508,
nomao,tabpfn,1,0.9960466639904711,2.2028782789129764,7.000747721060179,
nomao,tabpfn,2,0.9968312664331253,2.5209442930063237,6.880719394073822,
nomao,tabpfn,3,0.9963043646875888,2.239893933059648,6.901383686927147,
nomao,tabpfn,4,0.9965897074846968,2.483756533009,6.922156799002551,
nomao,tabicl,0,0.996888232016838,1.6897475220030174,4.606259346008301,
nomao,tabicl,1,0.996099679062842,1.6186602789675817,4.410111449076794,
nomao,tabicl,2,0.9969748918966976,1.5870141449850053,4.411486119963229,
nomao,tabicl,3,0.9964793969401432,1.6242249479983002,4.411505287978798,
nomao,tabicl,4,0.9967385416275588,1.5536643599625677,4.420027325977571,
ozone-level-8hr,random_forest,0,0.8745394736842105,0.121506999945268,0.0130721310852095,
ozone-level-8hr,random_forest,1,0.9240131578947368,0.117516026017256,0.0130958260269835,
ozone-level-8hr,random_forest,2,0.8939473684210527,0.1310489859897643,0.0131158960284665,
ozone-level-8hr,random_forest,3,0.9150986842105264,0.1188863170100376,0.0131994909606873,
ozone-level-8hr,random_forest,4,0.9281052215189872,0.1212785789975896,0.0129906289512291,
ozone-level-8hr,xgboost,0,0.9081578947368422,0.9343003199901432,0.0075889220461249,
ozone-level-8hr,xgboost,1,0.9148684210526316,0.0822188110323622,0.0078555300133302,
ozone-level-8hr,xgboost,2,0.927171052631579,0.0785602739779278,0.0074267389718443,
ozone-level-8hr,xgboost,3,0.9275,0.0789185910252854,0.0074991569854319,
ozone-level-8hr,xgboost,4,0.947059599156118,0.079341102973558,0.0074469989631325,
ozone-level-8hr,lightgbm,0,0.8957236842105263,0.0728244270430877,0.0021186619997024,
ozone-level-8hr,lightgbm,1,0.9125,0.0716184709453955,0.0019566889386624,
ozone-level-8hr,lightgbm,2,0.9067105263157896,0.0728059799876064,0.0020297890296205,
ozone-level-8hr,lightgbm,3,0.910921052631579,0.0779017379973083,0.0027175180148333,
ozone-level-8hr,lightgbm,4,0.9467299578059072,0.0744510920485481,0.0019932240247726,
ozone-level-8hr,catboost,0,0.9096052631578948,5.481742337928154,0.0027436868986114,
ozone-level-8hr,catboost,1,0.9223684210526316,5.241028239019215,0.0047892599832266,
ozone-level-8hr,catboost,2,0.924342105263158,5.386901870020665,0.0025954460725188,
ozone-level-8hr,catboost,3,0.9121710526315788,5.385063927969895,0.1003508269786834,
ozone-level-8hr,catboost,4,0.9541798523206751,5.314518564031459,0.0026738330489024,
ozone-level-8hr,tabpfn,0,0.929342105263158,0.6938139830017462,1.7750834830803797,
ozone-level-8hr,tabpfn,1,0.9454605263157894,0.4015860230429098,0.7629875750280917,
ozone-level-8hr,tabpfn,2,0.9321710526315792,0.3412795159965753,0.7627990519395098,
ozone-level-8hr,tabpfn,3,0.938421052631579,0.3417118940269574,0.7621366500388831,
ozone-level-8hr,tabpfn,4,0.9593222573839664,0.4402635580627247,1.0089332849020138,
ozone-level-8hr,tabicl,0,0.9234868421052632,0.281375082093291,0.3075133939273655,
ozone-level-8hr,tabicl,1,0.9453947368421052,0.2960278490791097,0.1636550509138032,
ozone-level-8hr,tabicl,2,0.9347368421052632,0.3014486749889329,0.1630797900725156,
ozone-level-8hr,tabicl,3,0.9399013157894736,0.3021696750074625,0.1644128659972921,
ozone-level-8hr,tabicl,4,0.9546083860759492,0.3011991719249636,0.2204723540926352,
phoneme,random_forest,0,0.9629791732042876,0.1315324199385941,0.012879412039183,
phoneme,random_forest,1,0.96226485209837,0.1287069699028507,0.0128125420305877,
phoneme,random_forest,2,0.959395180603498,0.1396660469472408,0.0128377499058842,
phoneme,random_forest,3,0.9561314572566088,0.129388689994812,0.0128074550302699,
phoneme,random_forest,4,0.963891909323565,0.131136056035757,0.0128159669693559,
phoneme,xgboost,0,0.958994665301336,0.8972349190153182,0.0020867740968242,
phoneme,xgboost,1,0.9495970072835976,0.0354362530633807,0.0019205861026421,
phoneme,xgboost,2,0.9518720993608272,0.0351108349859714,0.0019239010289311,
phoneme,xgboost,3,0.953473132372215,0.035617112996988,0.0020127840107306,
phoneme,xgboost,4,0.9570762927345569,0.0360720140160992,0.0019230090547353,
phoneme,lightgbm,0,0.9565626703222292,0.0365623791003599,0.0014828389976173,
phoneme,lightgbm,1,0.950905907807158,0.0342140319989994,0.0014231610111892,
phoneme,lightgbm,2,0.9514757130823988,0.0347965649561956,0.0014182630693539,
phoneme,lightgbm,3,0.9497185060626294,0.0344298660056665,0.0013859350001439,
phoneme,lightgbm,4,0.9546824546969253,0.0352319669909775,0.0014086690498515,
phoneme,catboost,0,0.951929905693098,4.890010794973932,0.0050269759958609,
phoneme,catboost,1,0.9493616529307812,5.205295353080146,0.0015586930094286,
phoneme,catboost,2,0.9530199679587756,5.307678613928147,0.0015580729814246,
phoneme,catboost,3,0.9514495083129324,4.711630558012985,0.0015682680532336,
phoneme,catboost,4,0.9573905098172164,4.580953949014656,0.0012177539756521,
phoneme,tabpfn,0,0.9793590103555916,0.684512437088415,1.4182021101005375,
phoneme,tabpfn,1,0.9797719127289544,0.3799706019926816,0.4060225149150938,
phoneme,tabpfn,2,0.9745899879432508,0.3283150970237329,0.4044768610037863,
phoneme,tabpfn,3,0.9753455822349713,0.3274936770321801,0.4102340299868956,
phoneme,tabpfn,4,0.9797371326037432,0.3305482401046902,0.6529226229758933,
phoneme,tabicl,0,0.9757564371480008,0.2201483589597046,0.2609679599991068,
phoneme,tabicl,1,0.9771892083835698,0.2285802019760012,0.1034512589685618,
phoneme,tabicl,2,0.974620955621253,0.3390487569849938,0.1031793419970199,
phoneme,tabicl,3,0.9731653436863754,0.2348058529896661,0.1030293270014226,
phoneme,tabicl,4,0.977700923219402,0.2374008879996836,0.1608859760453924,
qsar-biodeg,random_forest,0,0.9284572342126298,0.0842443740693852,0.0130820960039272,
qsar-biodeg,random_forest,1,0.9375754527162978,0.0825264119775965,0.0129514191066846,
qsar-biodeg,random_forest,2,0.9354627766599596,0.0808691109996289,0.012942606001161,
qsar-biodeg,random_forest,3,0.9369215291750504,0.0809927360387519,0.0130837979959324,
qsar-biodeg,random_forest,4,0.9366700201207244,0.0811719039920717,0.0131024050060659,
qsar-biodeg,xgboost,0,0.908723021582734,0.8863828619942069,0.0054661029716953,
qsar-biodeg,xgboost,1,0.9322937625754526,0.0461529770400375,0.0053018369944766,
qsar-biodeg,xgboost,2,0.9347082494969818,0.0473632490029558,0.0053453830769285,
qsar-biodeg,xgboost,3,0.9266599597585512,0.0473529129521921,0.0054214369738474,
qsar-biodeg,xgboost,4,0.9412474849094568,0.046312415972352,0.0052138459868729,
qsar-biodeg,lightgbm,0,0.9299060751398882,0.0482703970046713,0.0016180319944396,
qsar-biodeg,lightgbm,1,0.9370221327967808,0.0445613740012049,0.0015631810529157,
qsar-biodeg,lightgbm,2,0.938933601609658,0.0431785340188071,0.0015479970024898,
qsar-biodeg,lightgbm,3,0.9332997987927566,0.0430550680030137,0.0015759989619255,
qsar-biodeg,lightgbm,4,0.9429577464788732,0.0451653680065646,0.0015415580710396,
qsar-biodeg,catboost,0,0.9203637090327738,4.657624002895318,0.0019127839477732,
qsar-biodeg,catboost,1,0.9393360160965796,4.637760826037265,0.001782307983376,
qsar-biodeg,catboost,2,0.943661971830986,4.30645243707113,0.0022228780435398,
qsar-biodeg,catboost,3,0.9332997987927564,4.33386746107135,0.0016787929926067,
qsar-biodeg,catboost,4,0.9409456740442655,4.259818180929869,0.0020568190375342,
qsar-biodeg,tabpfn,0,0.9381494804156676,0.7133304610615596,1.027703416068107,
qsar-biodeg,tabpfn,1,0.943158953722334,0.3927133390679955,0.3008757269708439,
qsar-biodeg,tabpfn,2,0.9590543259557344,0.3395034580025822,0.2963345590978861,
qsar-biodeg,tabpfn,3,0.9356136820925554,0.3409979549469426,0.2970565400319174,
qsar-biodeg,tabpfn,4,0.9525150905432596,0.3402924489928409,0.297487344010733,
qsar-biodeg,tabicl,0,0.9379496402877696,0.2388134819921106,0.1175763860810548,
qsar-biodeg,tabicl,1,0.9451710261569416,0.2559050809359178,0.1046891220612451,
qsar-biodeg,tabicl,2,0.9604627766599596,0.3645173570839688,0.1026034199167043,
qsar-biodeg,tabicl,3,0.942655935613682,0.2613077089190483,0.1026086169295013,
qsar-biodeg,tabicl,4,0.9540241448692154,0.2594527619658038,0.1026909810025245,
wall-robot-navigation,random_forest,0,0.9999741318699464,0.1501798270037397,0.0129997819894924,
wall-robot-navigation,random_forest,1,0.9999594689746298,0.145898848073557,0.0129159470088779,
wall-robot-navigation,random_forest,2,0.9999768561552834,0.1447381699690595,0.0129469030071049,
wall-robot-navigation,random_forest,3,0.9999147047409744,0.1448821759549901,0.0129432079847902,
wall-robot-navigation,random_forest,4,0.9999325229541188,0.1460641759913414,0.0129321910208091,
wall-robot-navigation,xgboost,0,0.9999910832861586,0.9186658730031922,0.0041223920416086,
wall-robot-navigation,xgboost,1,0.9999871800777752,0.0983432220527902,0.0039545799372717,
wall-robot-navigation,xgboost,2,0.9999938053099644,0.1019923639250919,0.0039907349273562,
wall-robot-navigation,xgboost,3,0.9999723113121272,0.0976124580483883,0.0038671800866723,
wall-robot-navigation,xgboost,4,0.9999775892641932,0.0970467509469017,0.0039819510420784,
wall-robot-navigation,lightgbm,0,0.9999973875879076,0.1622157270321622,0.0031453589908778,
wall-robot-navigation,lightgbm,1,1.0,0.1625149949686601,0.0031735310330986,
wall-robot-navigation,lightgbm,2,0.99994393507919,0.1591395809082314,0.0031703760614618,
wall-robot-navigation,lightgbm,3,0.9999288425844624,0.1585792719852179,0.0030544430483132,
wall-robot-navigation,lightgbm,4,0.9999837616496452,0.1617996639106422,0.0031385089969262,
wall-robot-navigation,catboost,0,0.9999897335309398,6.707339373999275,0.0048275180160999,
wall-robot-navigation,catboost,1,0.9999991129089488,6.674848510068841,0.0034453179687261,
wall-robot-navigation,catboost,2,0.9999680467457944,6.806033771019429,0.0021754070185124,
wall-robot-navigation,catboost,3,0.999980542956342,2.9493514340138063,0.002200563903898,
wall-robot-navigation,catboost,4,0.9999751999051628,2.956901176949032,0.0022968089906498,
wall-robot-navigation,tabpfn,0,0.9999106904983964,0.7026571730384603,1.55051541805733,
wall-robot-navigation,tabpfn,1,0.999803225184164,0.3879632380558178,0.7800561079056934,
wall-robot-navigation,tabpfn,2,0.9998999823575864,0.3379348589805886,0.5310287240426987,
wall-robot-navigation,tabpfn,3,0.9997613426856052,0.3382146379444748,0.533767594024539,
wall-robot-navigation,tabpfn,4,0.9996113054305168,0.3335444059921428,0.5310439160093665,
wall-robot-navigation,tabicl,0,0.9999156461735124,0.2412591740721836,0.3035765599925071,
wall-robot-navigation,tabicl,1,0.999973611872717,0.2505463879788294,0.2184867010219022,
wall-robot-navigation,tabicl,2,0.9999353387852729,0.3437609419925138,0.1621684660203755,
wall-robot-navigation,tabicl,3,0.9998570550331698,0.2362608909606933,0.162429096060805,
wall-robot-navigation,tabicl,4,0.9998719664461568,0.2376626100158319,0.1621589119313284,
breast-w,random_forest,0,0.9969429347826086,0.0947682759724557,0.0131281489739194,
breast-w,random_forest,1,0.984375,0.0809381710132584,0.0129922069609165,
breast-w,random_forest,2,0.9944519927536232,0.0909020251128822,0.0132047940278425,
breast-w,random_forest,3,0.9945054945054944,0.082822147058323,0.0131705930689349,
breast-w,random_forest,4,0.9925595238095238,0.0831566759152337,0.0131366320420056,
breast-w,xgboost,0,0.9961503623188406,0.220075462013483,0.0023481480311602,
breast-w,xgboost,1,0.9807518115942028,0.0156324709532782,0.0020560740958899,
breast-w,xgboost,2,0.9932065217391304,0.0165117710130289,0.0020671699894592,
breast-w,xgboost,3,0.9941690962099126,0.0161158919800072,0.0021395380608737,
breast-w,xgboost,4,0.9919871794871796,0.0162988840602338,0.0020470400340855,
breast-w,lightgbm,0,0.9981884057971014,0.0238494439981877,0.0010710249189287,
breast-w,lightgbm,1,0.9866394927536232,0.021753842011094,0.000943545019254,
breast-w,lightgbm,2,0.9923007246376812,0.0214961469173431,0.0009551430121064,
breast-w,lightgbm,3,0.9943933617403004,0.0208604700164869,0.0009308169828727,
breast-w,lightgbm,4,0.9901556776556776,0.0219208600465208,0.0009327899897471,
breast-w,catboost,0,0.9966032608695652,0.4253802079474553,0.0012876490363851,
breast-w,catboost,1,0.9846014492753624,0.36814547306858,0.0091484410222619,
breast-w,catboost,2,0.9923007246376812,0.3705029459670186,0.0010290429927408,
breast-w,catboost,3,0.9957389549226284,0.3706528599141165,0.001013180008158,
breast-w,catboost,4,0.9951923076923076,0.3638043149840086,0.0011154919629916,
breast-w,tabpfn,0,0.9975090579710144,0.7321012540487573,1.1676546690287068,
breast-w,tabpfn,1,0.9870923913043478,0.4429028650047257,0.3135738370474428,
breast-w,tabpfn,2,0.9941123188405796,0.3835610810201615,0.3125268559670076,
breast-w,tabpfn,3,0.9959632204530164,0.3842376290122047,0.3124585039913654,
breast-w,tabpfn,4,0.9945054945054944,0.3831230979412794,0.4756924789398908,
breast-w,tabicl,0,0.9977355072463768,0.2541618579998612,0.0871009430848062,
breast-w,tabicl,1,0.9875452898550724,0.2636761739850044,0.0584318380570039,
breast-w,tabicl,2,0.995697463768116,0.3904468599939719,0.0585375049849972,
breast-w,tabicl,3,0.9961874859834045,0.2642223270377144,0.0579227400012314,
breast-w,tabicl,4,0.9958791208791208,0.2668595769209787,0.0584900850662961,
semeion,random_forest,0,0.9965272314013462,0.1166853819740936,0.0140952720539644,
semeion,random_forest,1,0.9968534712253868,0.1128333749948069,0.0136666810140013,
semeion,random_forest,2,0.9962983592217016,0.1109015330439433,0.0136649679625406,
semeion,random_forest,3,0.9959123844782284,0.1120929269818589,0.0136740320594981,
semeion,random_forest,4,0.9958486352848568,0.1133814259665086,0.013909353991039,
semeion,xgboost,0,0.9967874435117926,1.08087254606653,0.1118587959790602,
semeion,xgboost,1,0.9974764627970318,0.2806463110027835,0.021323133027181,
semeion,xgboost,2,0.9946457908582844,0.2860067370347678,0.0215910050319507,
semeion,xgboost,3,0.9942715194423986,0.2899696700042113,0.021865174989216,
semeion,xgboost,4,0.9945106169892264,0.2894399169599637,0.0214623420033603,
semeion,lightgbm,0,0.9979815922490356,0.3485995250521227,0.0054345870157703,
semeion,lightgbm,1,0.9984189349242816,0.3621231120778247,0.0060582300648093,
semeion,lightgbm,2,0.9964853814278928,0.3511584259103983,0.0055048509966582,
semeion,lightgbm,3,0.9960260689841236,0.3558265049941838,0.0054443110711872,
semeion,lightgbm,4,0.997477111057707,0.3579021031036973,0.0119449930498376,
semeion,catboost,0,0.9985035146508752,16.323697398067452,0.0066026450367644,
semeion,catboost,1,0.9981461416665892,16.203836341039278,0.006339221028611,
semeion,catboost,2,0.9976526511093514,16.381979924975894,0.0059286260511726,
semeion,catboost,3,0.9964678294757958,19.980952729005367,0.0061153849819675,
semeion,catboost,4,0.9973690980046704,19.81350070401095,0.0059024268994107,
semeion,tabpfn,0,0.999601769635208,1.0648521310649812,1.2036907800938934,
semeion,tabpfn,1,0.998856985864353,0.824635638971813,0.4807532059494406,
semeion,tabpfn,2,0.9986252388445545,0.668846664018929,0.4832316659158095,
semeion,tabpfn,3,0.9989691096668872,0.7309608269715682,0.6037160449195653,
semeion,tabpfn,4,0.998681573884416,0.6822649019304663,0.4784549940377474,
semeion,tabicl,0,0.9997252897356164,0.5586101160151884,0.4757687929086387,
semeion,tabicl,1,0.9993659937156916,0.4810000149300322,0.323032308020629,
semeion,tabicl,2,0.9988887292135896,0.4946776520228013,0.323288531973958,
semeion,tabicl,3,0.9984255651409958,0.4862151630222797,0.3776172390207648,
semeion,tabicl,4,0.999187049182132,0.4948417070554569,0.3233328079804778,
electricity,random_forest,0,0.9719459549157534,0.6757943730335683,0.0268863230012357,
electricity,random_forest,1,0.9699119015394184,0.7411804340081289,0.0260230039712041,
electricity,random_forest,2,0.9677273646010724,0.6654792260378599,0.0261274700751528,
electricity,random_forest,3,0.9707555862159032,0.6796051519922912,0.0264920350164175,
electricity,random_forest,4,0.9704242401283416,0.6653053760528564,0.0268510309979319,
electricity,xgboost,0,0.9708595367991342,0.2806500539882108,0.0054995090467855,
electricity,xgboost,1,0.971098108765894,0.0787404560251161,0.0051840079249814,
electricity,xgboost,2,0.9667636571536236,0.0750468309270218,0.0051723209908232,
electricity,xgboost,3,0.9691726267009368,0.0754324280424043,0.0054070909973233,
electricity,xgboost,4,0.9686734268413012,0.0759667049860581,0.0051966470200568,
electricity,lightgbm,0,0.95639866210336,0.0932097639888525,0.0078542239498347,
electricity,lightgbm,1,0.9571604728483925,0.0989805880235508,0.0071350809885188,
electricity,lightgbm,2,0.9505438487137816,0.0876730490708723,0.007091035018675,
electricity,lightgbm,3,0.9540836068797368,0.0874750830698758,0.0073724651010707,
electricity,lightgbm,4,0.9546114677398012,0.0878467089496553,0.0072975830407813,
electricity,catboost,0,0.9593328107589854,8.677385666058399,0.0099252350628376,
electricity,catboost,1,0.9571170440297956,8.632425516028889,0.0065665210131555,
electricity,catboost,2,0.9507891121096216,8.648346171015874,0.0062552969902753,
electricity,catboost,3,0.9574093546016234,8.685733127989806,0.0069420320214703,
electricity,catboost,4,0.955903829633032,8.660122907022014,0.0060147868935018,
electricity,tabpfn,0,0.9852149664230202,0.8476025209529325,5.339503149967641,
electricity,tabpfn,1,0.9845988403035384,0.5774808350251988,4.06715457898099,
electricity,tabpfn,2,0.9827241956913296,0.5622973090503365,4.342431572964415,
electricity,tabpfn,3,0.9847472635598308,0.5035490510053933,4.091807137010619,
electricity,tabpfn,4,0.9832904373693588,0.4994408478960395,4.1075621959753335,
electricity,tabicl,0,0.9816393021091008,0.4006141299614683,2.2235960479592904,
electricity,tabicl,1,0.9810084007231658,0.3597905929200351,2.027541841031052,
electricity,tabicl,2,0.978746821432746,0.4916155519895255,2.0940560060553253,
electricity,tabicl,3,0.9802911758262656,0.3518249139888212,2.0322388489730656,
electricity,tabicl,4,0.9805111926191196,0.3638396830065176,2.038592078955844,
wdbc,random_forest,0,0.9983622666229938,0.0961316720349714,0.0141588749829679,
wdbc,random_forest,1,0.9785456927612186,0.0959195049945265,0.0140323570230975,
wdbc,random_forest,2,0.9788359788359788,0.0996074751019477,0.0136299069272354,
wdbc,random_forest,3,0.9945436507936508,0.0963139330269768,0.0137843169504776,
wdbc,random_forest,4,0.9924547283702212,0.0962095380527898,0.0138488429365679,
wdbc,xgboost,0,1.0,0.2548789919819683,0.0048045950243249,
wdbc,xgboost,1,0.9898460530625612,0.0465491089271381,0.0048225920181721,
wdbc,xgboost,2,0.9890873015873016,0.0481043780455365,0.0045594900147989,
wdbc,xgboost,3,0.998015873015873,0.0481630349531769,0.0047790269600227,
wdbc,xgboost,4,0.9916163648558014,0.046801644959487,0.0083626910345628,
wdbc,lightgbm,0,0.9990173599737964,0.0635567619465291,0.0016016679583117,
wdbc,lightgbm,1,0.9888634130363576,0.0610876000719144,0.0014566830359399,
wdbc,lightgbm,2,0.9814814814814816,0.0609349330188706,0.002011248958297,
wdbc,lightgbm,3,0.9976851851851852,0.0629841689951717,0.0014840830117464,
wdbc,lightgbm,4,0.9956405097250168,0.0613961409544572,0.0014794958988204,
wdbc,catboost,0,0.9986898132983952,5.598702664021403,0.0019816650310531,
wdbc,catboost,1,0.9921388797903702,5.186209719977342,0.0018095890991389,
wdbc,catboost,2,0.9864417989417988,5.0573571709683165,0.0017675050767138,
wdbc,catboost,3,0.9993386243386244,4.924099272931926,0.0015616490272805,
wdbc,catboost,4,0.9969818913480886,4.9414188109803945,0.0015864949673414,
wdbc,tabpfn,0,0.9990173599737964,0.7437099399976432,1.1689635129878295,
wdbc,tabpfn,1,0.9980347199475924,0.4381477129645645,0.3212779540335759,
wdbc,tabpfn,2,0.9890873015873016,0.3801794439787045,0.3204847499728203,
wdbc,tabpfn,3,1.0,0.3807546619791537,0.3203463250538334,
wdbc,tabpfn,4,1.0,0.3801977719413116,0.4887867310317233,
wdbc,tabicl,0,0.9993449066491976,0.2681837440468371,0.0900657649617642,
wdbc,tabicl,1,0.99737962659679,0.2712457210291177,0.0725010419264435,
wdbc,tabicl,2,0.988095238095238,0.3595615270314738,0.0731368800625205,
wdbc,tabicl,3,1.0,0.256574100931175,0.0731092479545623,
wdbc,tabicl,4,1.0,0.25839507591445,0.0732261120574548,
adult,random_forest,0,0.9020354527118551,0.6023169599939138,0.0546118830097839,
adult,random_forest,1,0.9063336790287008,0.7683058400871232,0.0461958829546347,
adult,random_forest,2,0.9095948882910624,0.7481421390548348,0.0560943629825487,
adult,random_forest,3,0.9052021429846068,0.6338979259599,0.0459564459742978,
adult,random_forest,4,0.9057459277182917,0.5797255489742383,0.0453651329735294,
adult,xgboost,0,0.9255186783132506,0.3316560209495947,0.0063497290248051,
adult,xgboost,1,0.9280236746646278,0.1288199200062081,0.0062768410425633,
adult,xgboost,2,0.9290873554890702,0.1276696149725467,0.006405052030459,
adult,xgboost,3,0.9308977351295304,0.1277325880946591,0.007299656048417,
adult,xgboost,4,0.927945168579026,0.1221149010816589,0.0063985319575294,
adult,lightgbm,0,0.926668003171234,0.1733556559775024,0.0103642059257254,
adult,lightgbm,1,0.9292176935706992,0.1843205979093909,0.0108792840037494,
adult,lightgbm,2,0.9285742624759395,0.1878560209879651,0.0113534519914537,
adult,lightgbm,3,0.9331329906801392,0.1798111230600625,0.0108592649921774,
adult,lightgbm,4,0.9301889176170302,0.1713829450309276,0.0109439410734921,
adult,catboost,0,0.927436896205858,20.7107196059078,0.0188845329685136,
adult,catboost,1,0.9296434813630136,20.54069226293359,0.0157729720231145,
adult,catboost,2,0.9303204946929524,21.909830678952854,0.0152789760613814,
adult,catboost,3,0.932864567686962,22.20899670710787,0.0167482270626351,
adult,catboost,4,0.9304978790178442,21.730182296945717,0.0161812310107052,
adult,tabpfn,0,0.9154586323057212,1.233569510979578,6.079002187005244,
adult,tabpfn,1,0.9189883109379604,0.9636088360566646,4.890627825981937,
adult,tabpfn,2,0.9170368243639516,0.916865929029882,5.629338099970482,
adult,tabpfn,3,0.9202072848555016,0.8637044279603288,4.903187486925162,
adult,tabpfn,4,0.9199415682616976,0.8762932720128447,4.913337773061357,
adult,tabicl,0,0.9233811343804116,0.6575613049790263,2.7041180400410667,
adult,tabicl,1,0.9271678397631176,0.5921677430160344,2.547398502007127,
adult,tabicl,2,0.926325964383669,0.6110263379523531,2.6043298150179908,
adult,tabicl,3,0.9290022190747372,0.5758184620644897,2.5491204110439867,
adult,tabicl,4,0.9278897449748352,0.5577578590018675,2.552358609973453,
mfeat-karhunen,random_forest,0,0.9970173611111112,0.173562180949375,0.0134427660377696,
mfeat-karhunen,random_forest,1,0.9971805555555556,0.1583919500699266,0.0133781799813732,
mfeat-karhunen,random_forest,2,0.997892361111111,0.1597580560483038,0.0133818349568173,
mfeat-karhunen,random_forest,3,0.9964479166666668,0.1589936870150268,0.013487022020854,
mfeat-karhunen,random_forest,4,0.9989236111111108,0.1619692519307136,0.0133441900834441,
mfeat-karhunen,xgboost,0,0.9974861111111112,0.6699632370145991,0.0084423329681158,
mfeat-karhunen,xgboost,1,0.9982500000000002,0.4572514049941674,0.0081856910837814,
mfeat-karhunen,xgboost,2,0.9972708333333336,0.4463740920182317,0.0077437920263037,
mfeat-karhunen,xgboost,3,0.9965069444444444,0.4585780729539692,0.0077260950347408,
mfeat-karhunen,xgboost,4,0.9993541666666664,0.4598193620331585,0.0084608199540525,
mfeat-karhunen,lightgbm,0,0.998576388888889,0.7559296089457348,0.006257245899178,
mfeat-karhunen,lightgbm,1,0.9989027777777778,0.753718432970345,0.0052084429189562,
mfeat-karhunen,lightgbm,2,0.9978125,0.757317436975427,0.0062838260782882,
mfeat-karhunen,lightgbm,3,0.9976944444444444,0.7589708319865167,0.0052165749948471,
mfeat-karhunen,lightgbm,4,0.9993680555555556,0.7617840450257063,0.0052484630141407,
mfeat-karhunen,catboost,0,0.9989375,17.481016038102098,0.0037477959413081,
mfeat-karhunen,catboost,1,0.998965277777778,16.98113085795194,0.0029702269239351,
mfeat-karhunen,catboost,2,0.9990486111111112,17.41183470399119,0.003230795962736,
mfeat-karhunen,catboost,3,0.9989861111111112,17.553519723005593,0.0040700869867578,
mfeat-karhunen,catboost,4,0.9997013888888888,17.525257258908823,0.0033567029749974,
mfeat-karhunen,tabpfn,0,0.999875,0.7199121760204434,1.2184407439781353,
mfeat-karhunen,tabpfn,1,0.9998472222222222,0.4532228700118139,0.3524356479756534,
mfeat-karhunen,tabpfn,2,0.9994722222222222,0.4127125410595909,0.3512148399604484,
mfeat-karhunen,tabpfn,3,0.999763888888889,0.4140559430234134,0.3519954619696364,
mfeat-karhunen,tabpfn,4,0.9999444444444444,0.4105829959735274,0.35201168700587,
mfeat-karhunen,tabicl,0,0.9999583333333334,0.3731915550306439,0.3443923399318009,
mfeat-karhunen,tabicl,1,0.9998541666666666,0.3286154550733045,0.1663791849277913,
mfeat-karhunen,tabicl,2,0.9994930555555556,0.3295267039211467,0.1667158569907769,
mfeat-karhunen,tabicl,3,0.9999305555555555,0.3282547979615628,0.1668500469531864,
mfeat-karhunen,tabicl,4,0.9999722222222222,0.3271507520694285,0.1665659530553966,
mfeat-morphological,random_forest,0,0.960138888888889,0.0952161479508504,0.013186122989282,
mfeat-morphological,random_forest,1,0.9463125,0.0923896050080657,0.0130967000732198,
mfeat-morphological,random_forest,2,0.956079861111111,0.091170308063738,0.0130743469344452,
mfeat-morphological,random_forest,3,0.9511597222222224,0.092256507021375,0.0131181220058351,
mfeat-morphological,random_forest,4,0.9591493055555556,0.0901842480525374,0.0130646319594234,
mfeat-morphological,xgboost,0,0.9663055555555558,0.3796461049932986,0.0032177260145545,
mfeat-morphological,xgboost,1,0.9488263888888888,0.1765112970024347,0.0031668409937992,
mfeat-morphological,xgboost,2,0.9599930555555556,0.173545636003837,0.0031513369176536,
mfeat-morphological,xgboost,3,0.9589583333333334,0.1727321039652452,0.0031062500784173,
mfeat-morphological,xgboost,4,0.9602777777777778,0.1744423429481685,0.0031182679813355,
mfeat-morphological,lightgbm,0,0.9639861111111112,0.2973457080079242,0.0052409010240808,
mfeat-morphological,lightgbm,1,0.9454722222222222,0.2934464260470122,0.0050215739756822,
mfeat-morphological,lightgbm,2,0.9585902777777776,0.2944379938999191,0.0061182091012597,
mfeat-morphological,lightgbm,3,0.9558819444444444,0.2906605739844963,0.004939483013004,
mfeat-morphological,lightgbm,4,0.95875,0.2946582520380616,0.0051393499597907,
mfeat-morphological,catboost,0,0.9690972222222224,2.420054596033878,0.0019742329604923,
mfeat-morphological,catboost,1,0.957465277777778,2.381469935993664,0.0024988640798255,
mfeat-morphological,catboost,2,0.962923611111111,2.372774336021393,0.0022950799902901,
mfeat-morphological,catboost,3,0.9622083333333332,2.37287867104169,0.0022230939939618,
mfeat-morphological,catboost,4,0.9666736111111112,2.3947606660658494,0.0019321999279782,
mfeat-morphological,tabpfn,0,0.9743541666666669,0.7430130370194092,1.211361441994086,
mfeat-morphological,tabpfn,1,0.9640069444444443,0.4448460850398987,0.3329334909794852,
mfeat-morphological,tabpfn,2,0.9706388888888888,0.4465637139510363,0.3363052270142361,
mfeat-morphological,tabpfn,3,0.9703611111111112,0.4458040420431644,0.3393690130906179,
mfeat-morphological,tabpfn,4,0.9712083333333332,0.4435042350087315,0.3372896231012419,
mfeat-morphological,tabicl,0,0.9748472222222222,0.2983857979997992,0.2692770219873637,
mfeat-morphological,tabicl,1,0.9635486111111112,0.4001636870671063,0.0698146269423887,
mfeat-morphological,tabicl,2,0.9704027777777778,0.2577333769295364,0.0703046879498288,
mfeat-morphological,tabicl,3,0.9713194444444444,0.2542945919558406,0.0705759420525282,
mfeat-morphological,tabicl,4,0.9723958333333332,0.2557679068995639,0.0704020420089364,
satimage,random_forest,0,0.9884098646184536,0.2040324399713426,0.0139436569297686,
satimage,random_forest,1,0.9899035761714754,0.2003121669404208,0.0137226079823449,
satimage,random_forest,2,0.990679719332546,0.2017688719788566,0.0136193629587069,
satimage,random_forest,3,0.9894707169431186,0.1995123840169981,0.0136733449762687,
satimage,random_forest,4,0.9898969368153784,0.2000225359806791,0.0137422770494595,
satimage,xgboost,0,0.9907023798129192,0.4685862630140036,0.0090103950351476,
satimage,xgboost,1,0.9907923814782084,0.2573552309768274,0.0081912539899349,
satimage,xgboost,2,0.9901149623626464,0.2580515600275248,0.0079436639789491,
satimage,xgboost,3,0.9904025385801236,0.2580781099386513,0.0087009639246389,
satimage,xgboost,4,0.9923202563967124,0.2557139620184898,0.0079600479220971,
satimage,lightgbm,0,0.9916199347785412,0.3197704500053078,0.0071402949979528,
satimage,lightgbm,1,0.9909517593452932,0.3158107319613918,0.0070218290202319,
satimage,lightgbm,2,0.99061944080317,0.3201736829942092,0.0074325709138065,
satimage,lightgbm,3,0.9902715312899744,0.316326861968264,0.0071096488973125,
satimage,lightgbm,4,0.9923214883832548,0.3150535010499879,0.0072207450866699,
satimage,catboost,0,0.9919007710859647,3.375755554996431,0.003582687000744,
satimage,catboost,1,0.9913954674479004,3.377885663998313,0.0031195250339806,
satimage,catboost,2,0.9915701274508302,3.356619989965111,0.0036834559869021,
satimage,catboost,3,0.9907779165532856,3.337107402039692,0.004128300002776,
satimage,catboost,4,0.9930194600640464,3.342371250037104,0.0032485079718753,
satimage,tabpfn,0,0.9959221329764874,0.7868915339931846,2.07052793900948,
satimage,tabpfn,1,0.9954761192439284,0.4800052680075168,0.7713685189373791,
satimage,tabpfn,2,0.9967733383654312,0.4174100649543106,0.7712318350095302,
satimage,tabpfn,3,0.9963252296673748,0.4175796679919585,0.7718148051062599,
satimage,tabpfn,4,0.9969835375822584,0.4102981719188392,0.7712046640226617,
satimage,tabicl,0,0.9950747046932256,0.5005834070034325,0.4754974509123713,
satimage,tabicl,1,0.9950820940567574,0.3504832979524508,0.3164560879813507,
satimage,tabicl,2,0.99598628211054,0.3579944870434701,0.3164211759576574,
satimage,tabicl,3,0.9964536331454004,0.3604141280520707,0.3173642229521647,
satimage,tabicl,4,0.9966767348794912,0.3576831229729578,0.3176879369420931,
eucalyptus,random_forest,0,0.9173114539186862,0.1020076889544725,0.0151630280306562,
eucalyptus,random_forest,1,0.8946090826489497,0.0949951839866116,0.0150288379518315,
eucalyptus,random_forest,2,0.9126873848785656,0.0958857940277084,0.0148884080117568,
eucalyptus,random_forest,3,0.9057457559835994,0.0973099890397861,0.014955329010263,
eucalyptus,random_forest,4,0.9228406311782936,0.0975717300316318,0.0149806559784337,
eucalyptus,xgboost,0,0.9151026333590516,0.3144790879450738,0.0044399959733709,
eucalyptus,xgboost,1,0.8963869348420843,0.1070312469964847,0.0042227719677612,
eucalyptus,xgboost,2,0.9216992478016336,0.1060044539626687,0.0042943289736285,
eucalyptus,xgboost,3,0.9004626991639979,0.1022914830828085,0.0041561229154467,
eucalyptus,xgboost,4,0.912247616502162,0.1051213060272857,0.0041915560141205,
eucalyptus,lightgbm,0,0.92086224104908,0.1379329920746386,0.003664699033834,
eucalyptus,lightgbm,1,0.8886703612994763,0.1350619469303637,0.0034383609890937,
eucalyptus,lightgbm,2,0.915763422981786,0.1363623680081218,0.0038573460187762,
eucalyptus,lightgbm,3,0.9133086007142184,0.1256853039376437,0.0036808929871767,
eucalyptus,lightgbm,4,0.9116522566548542,0.1363504400942474,0.0037075330037623,
eucalyptus,catboost,0,0.9312075044825534,15.897493014927022,0.0027003189316019,
eucalyptus,catboost,1,0.8905773436957368,16.435195515980013,0.0021606041118502,
eucalyptus,catboost,2,0.925614595049811,16.434184930985793,0.0023358470061793,
eucalyptus,catboost,3,0.9127510331753764,16.4641001309501,0.0024511379888281,
eucalyptus,catboost,4,0.9103516307568256,16.2017014460871,0.0024554160190746,
eucalyptus,tabpfn,0,0.939834495153666,0.7564979509916157,1.2207526279380545,
eucalyptus,tabpfn,1,0.9262997165443556,0.4707291509257629,0.5037144589005038,
eucalyptus,tabpfn,2,0.930422894149865,0.4101285029901191,0.3312347170431167,
eucalyptus,tabpfn,3,0.9141967457733088,0.4066687079612165,0.3310704820323735,
eucalyptus,tabpfn,4,0.940779188992176,0.4096457520499825,0.332131625036709,
eucalyptus,tabicl,0,0.942888694005424,0.2729594790143892,0.0961862079566344,
eucalyptus,tabicl,1,0.9238910795540212,0.430352411000058,0.0756163130281493,
eucalyptus,tabicl,2,0.9382989068431532,0.2658474729396403,0.0744473480153828,
eucalyptus,tabicl,3,0.9299372464730362,0.2678381740115583,0.0745052449638024,
eucalyptus,tabicl,4,0.9443811119655277,0.2643298279726878,0.074795218068175,
mfeat-zernike,random_forest,0,0.9669583333333334,0.1517963900696486,0.0134787200950086,
mfeat-zernike,random_forest,1,0.969548611111111,0.1469397409819066,0.0133844090159982,
mfeat-zernike,random_forest,2,0.963892361111111,0.1461926780175417,0.0133394920267164,
mfeat-zernike,random_forest,3,0.9637569444444444,0.1479579589795321,0.0133509489241987,
mfeat-zernike,random_forest,4,0.9735416666666664,0.1477882760809734,0.0132874640403315,
mfeat-zernike,xgboost,0,0.9679791666666668,0.7895264049293473,0.0076628309907391,
mfeat-zernike,xgboost,1,0.9704097222222222,0.5712063119281083,0.0068581120576709,
mfeat-zernike,xgboost,2,0.967326388888889,0.5637156679295003,0.006780034978874,
mfeat-zernike,xgboost,3,0.9656597222222224,0.5616164789535105,0.0077735260128974,
mfeat-zernike,xgboost,4,0.9691041666666668,0.5734505678992718,0.0068248430034145,
mfeat-zernike,lightgbm,0,0.9646666666666668,0.574583035078831,0.0056258849799633,
mfeat-zernike,lightgbm,1,0.9683541666666666,0.5712050599977374,0.005551484064199,
mfeat-zernike,lightgbm,2,0.9632013888888888,0.5778102950425819,0.0067105409689247,
mfeat-zernike,lightgbm,3,0.963722222222222,0.5700093179475516,0.0055666470434516,
mfeat-zernike,lightgbm,4,0.968701388888889,0.5781580939656124,0.0056752189993858,
mfeat-zernike,catboost,0,0.9759027777777776,13.814401387004182,0.0034792759688571,
mfeat-zernike,catboost,1,0.9764930555555555,13.515656643081456,0.002903948072344,
mfeat-zernike,catboost,2,0.9724444444444444,13.569756268057972,0.0036961589939892,
mfeat-zernike,catboost,3,0.9713402777777776,13.573184557957577,0.0028193530160933,
mfeat-zernike,catboost,4,0.9765277777777778,13.13590471004136,0.0027982810279354,
mfeat-zernike,tabpfn,0,0.9832708333333332,0.7212843809975311,1.2967597669921815,
mfeat-zernike,tabpfn,1,0.9845,0.4486883719218895,0.3541114759864285,
mfeat-zernike,tabpfn,2,0.9809861111111112,0.4432414630427956,0.3495910390047356,
mfeat-zernike,tabpfn,3,0.9845416666666664,0.4467219300568104,0.3498865190194919,
mfeat-zernike,tabpfn,4,0.9841458333333332,0.441884130006656,0.3502304719295352,
mfeat-zernike,tabicl,0,0.990451388888889,0.4482585210353136,0.327836574986577,
mfeat-zernike,tabicl,1,0.9915486111111113,0.3236079810885712,0.1345325380098074,
mfeat-zernike,tabicl,2,0.9928958333333334,0.2889807199826464,0.1352618460077792,
mfeat-zernike,tabicl,3,0.9932430555555556,0.2841908510308712,0.1343358949525281,
mfeat-zernike,tabicl,4,0.99325,0.2849275789922103,0.1348845530301332,
cmc,random_forest,0,0.683583222243744,0.1043252150993794,0.0148223829455673,
cmc,random_forest,1,0.7014234970660045,0.0958647050429135,0.0148997369688004,
cmc,random_forest,2,0.699421131856183,0.0959691799944266,0.0147173859877511,
cmc,random_forest,3,0.7203589032414311,0.0973729121033102,0.0148956419434398,
cmc,random_forest,4,0.7059712868167164,0.0965495659038424,0.0148379850434139,
cmc,xgboost,0,0.6997227557137254,0.2617745000170544,0.0029126210138201,
cmc,xgboost,1,0.7082547002615657,0.0548629529075697,0.002726332983002,
cmc,xgboost,2,0.6909118763474295,0.0548406390007585,0.0027467939071357,
cmc,xgboost,3,0.7161659323595644,0.055851986980997,0.0027402139967307,
cmc,xgboost,4,0.7375579815658228,0.0593196540139615,0.003308841958642,
cmc,lightgbm,0,0.7015109585161866,0.0900577299762517,0.0038074849871918,
cmc,lightgbm,1,0.7091168006272756,0.0883557030465453,0.0037088589742779,
cmc,lightgbm,2,0.7038993603309457,0.0884776839520782,0.0037332150386646,
cmc,lightgbm,3,0.7175763317133516,0.0893755429424345,0.0038077959325164,
cmc,lightgbm,4,0.7260898469250794,0.0890278340084478,0.0036558690480887,
cmc,catboost,0,0.7190665814359761,1.680147489067167,0.0020381479989737,
cmc,catboost,1,0.7453663128875517,1.6463275799760595,0.0023856461048126,
cmc,catboost,2,0.7138462794266563,1.6079759990097957,0.0022958919871598,
cmc,catboost,3,0.7367858008988639,1.6008612440200525,0.0021712960442528,
cmc,catboost,4,0.7240885113360891,1.58844876405783,0.0049375490052625,
cmc,tabpfn,0,0.7507535645569253,0.7313170350389555,1.1705865279072896,
cmc,tabpfn,1,0.7630065042741797,0.4480507019907236,0.3228558000409975,
cmc,tabpfn,2,0.755858488771099,0.4287844559876248,0.322903090971522,
cmc,tabpfn,3,0.7379629641263735,0.4066466889344156,0.4903600630350411,
cmc,tabpfn,4,0.7458348551773845,0.4131946290144697,0.322162997093983,
cmc,tabicl,0,0.746894683067099,0.2729919690173119,0.2689598489087075,
cmc,tabicl,1,0.7717316836769488,0.2930581069085747,0.0658082260051742,
cmc,tabicl,2,0.7467731559480121,0.2720748529536649,0.0669774089474231,
cmc,tabicl,3,0.7384092883232506,0.2711438750848174,0.1293658569920808,
cmc,tabicl,4,0.7485401307347348,0.3935386530356481,0.0663536889478564,
dresses-sales,random_forest,0,0.6713875205254516,0.085138892987743,0.0146173369139432,
dresses-sales,random_forest,1,0.5445402298850575,0.0822000140324235,0.0145237069809809,
dresses-sales,random_forest,2,0.5328407224958949,0.0742850890383124,0.0144379989942535,
dresses-sales,random_forest,3,0.6221264367816092,0.0816938469652086,0.0146710380213335,
dresses-sales,random_forest,4,0.5693760262725781,0.082333164056763,0.01449450396467,
dresses-sales,xgboost,0,0.6260262725779967,0.8563573790015653,0.0024352440377697,
dresses-sales,xgboost,1,0.5,0.0209756629774346,0.0023640980944037,
dresses-sales,xgboost,2,0.5467980295566502,0.0211490319343283,0.0023403230588883,
dresses-sales,xgboost,3,0.6666666666666667,0.0210148519836366,0.0023585699964314,
dresses-sales,xgboost,4,0.4798850574712644,0.0209669000469148,0.0023740730248391,
dresses-sales,lightgbm,0,0.6457307060755337,0.0154811999527737,0.0027133009862154,
dresses-sales,lightgbm,1,0.4800903119868637,0.0134866449516266,0.0025529409758746,
dresses-sales,lightgbm,2,0.5870279146141215,0.0132958790054544,0.0025626550195738,
dresses-sales,lightgbm,3,0.5837438423645319,0.0133909420110285,0.0026246079942211,
dresses-sales,lightgbm,4,0.5428981937602628,0.0134055030066519,0.0026329000247642,
dresses-sales,catboost,0,0.632183908045977,5.772489861003123,0.0014925439609214,
dresses-sales,catboost,1,0.4979474548440066,5.954955387976952,0.001301196985878,
dresses-sales,catboost,2,0.5669129720853858,5.908438057056628,0.001161138061434,
dresses-sales,catboost,3,0.6498357963875205,2.056766174035147,0.00217224098742,
dresses-sales,catboost,4,0.6165845648604269,2.073521650978364,0.0011346589308232,
dresses-sales,tabpfn,0,0.650656814449918,0.6882420389447361,1.0028408739017325,
dresses-sales,tabpfn,1,0.522167487684729,0.3891933870036155,0.2813879699679091,
dresses-sales,tabpfn,2,0.603448275862069,0.3444697619415819,0.2822141859214753,
dresses-sales,tabpfn,3,0.6986863711001642,0.340725417016074,0.2858646200038492,
dresses-sales,tabpfn,4,0.6096059113300492,0.3378903350094333,0.2796333939768374,
dresses-sales,tabicl,0,0.6683087027914614,0.3132037470350042,0.0731590840732678,
dresses-sales,tabicl,1,0.5258620689655172,0.2465189830400049,0.0431091190548613,
dresses-sales,tabicl,2,0.6256157635467979,0.2357915779575705,0.0435809349874034,
dresses-sales,tabicl,3,0.6469622331691296,0.2376785720698535,0.0437444209819659,
dresses-sales,tabicl,4,0.608784893267652,0.2372406770009547,0.0427511340240016,
numerai28.6,random_forest,0,0.5119489306938627,5.417977886972949,0.0826028760056942,
numerai28.6,random_forest,1,0.5130080676545449,5.179071504040621,0.0792269019875675,
numerai28.6,random_forest,2,0.5091050842391449,5.160032170941122,0.0721099179936572,
numerai28.6,random_forest,3,0.5192304678087818,5.339205182972364,0.076605302048847,
numerai28.6,random_forest,4,0.5170952218145416,5.380115362000652,0.0764297810383141,
numerai28.6,xgboost,0,0.5209594560691949,0.5612113180104643,0.0113558649318292,
numerai28.6,xgboost,1,0.5087104303713887,0.3562270129332319,0.0102773969992995,
numerai28.6,xgboost,2,0.5081678384825794,0.3450079530011862,0.0102505660615861,
numerai28.6,xgboost,3,0.5095600220616682,0.3412529629422351,0.0109462350374087,
numerai28.6,xgboost,4,0.5136654309907537,0.3416940909810364,0.0101888640783727,
numerai28.6,lightgbm,0,0.523270710961538,0.2889590370468795,0.0091744419187307,
numerai28.6,lightgbm,1,0.5251998307605825,0.2827090059872716,0.0101501570316031,
numerai28.6,lightgbm,2,0.5199583629348797,0.2775623510824516,0.009580707992427,
numerai28.6,lightgbm,3,0.5259341508534473,0.2903770410921424,0.0098958680173382,
numerai28.6,lightgbm,4,0.5195950055701788,0.2908604220720008,0.0098214370664209,
numerai28.6,catboost,0,0.5228336794547265,11.131058003054932,0.0120286491001024,
numerai28.6,catboost,1,0.5220402281996208,10.79340508801397,0.0078806329984217,
numerai28.6,catboost,2,0.5151158474735156,10.35768246196676,0.0072913540061563,
numerai28.6,catboost,3,0.5155562701896343,10.805001862929204,0.007773212972097,
numerai28.6,catboost,4,0.5235254139516465,10.668311184970662,0.0075440399814397,
numerai28.6,tabpfn,0,0.5390772829715162,0.8845710570458323,15.519544852082618,
numerai28.6,tabpfn,1,0.5242055346299996,0.589828765951097,14.483214064966887,
numerai28.6,tabpfn,2,0.5300609147218472,0.5953412459930405,14.545063682016917,
numerai28.6,tabpfn,3,0.5310146051830691,0.5656683860579506,14.620591797982344,
numerai28.6,tabpfn,4,0.5309565070278771,0.5857401279499754,14.537065918906592,
numerai28.6,tabicl,0,0.5390674840829777,1.043101761955768,7.758656193036586,
numerai28.6,tabicl,1,0.5242621450405178,1.10268096299842,7.646201024064794,
numerai28.6,tabicl,2,0.5299062665848431,0.9899932380067183,7.657294531934895,
numerai28.6,tabicl,3,0.5306093626004447,1.0026752640260383,7.651533443015069,
numerai28.6,tabicl,4,0.5311938530028171,0.9775741039775312,7.650884025031701,
optdigits,random_forest,0,0.9998265546826772,0.1709153460105881,0.0136740410234779,
optdigits,random_forest,1,0.9994537480238048,0.1667411749949678,0.0136344520142301,
optdigits,random_forest,2,0.9993907896122164,0.1669833459891379,0.0135234069311991,
optdigits,random_forest,3,0.9996993156031372,0.1677257330156862,0.0137563940370455,
optdigits,random_forest,4,0.9997531017148586,0.1677750960225239,0.0135800209827721,
optdigits,xgboost,0,0.9997675753346896,0.4840997520368546,0.0110005470924079,
optdigits,xgboost,1,0.9996390031458416,0.2697739029536024,0.010394021985121,
optdigits,xgboost,2,0.9990877607972573,0.2625749739818275,0.0100067849270999,
optdigits,xgboost,3,0.9995885513125295,0.2638047159416601,0.0098494900157675,
optdigits,xgboost,4,0.9996525251194818,0.2670556709636003,0.0099702200386673,
optdigits,lightgbm,0,0.999821937214982,0.4315542440162971,0.0110713210888206,
optdigits,lightgbm,1,0.9997322063548936,0.4330619809916243,0.011138490983285,
optdigits,lightgbm,2,0.9993507910419648,0.4230225769570097,0.0101601739879697,
optdigits,lightgbm,3,0.9997745090649748,0.4244203410344198,0.0101855909451842,
optdigits,lightgbm,4,0.9997693168632502,0.4283302179537713,0.0101701179519295,
optdigits,catboost,0,0.9998635035831048,4.829732506070286,0.0040851790690794,
optdigits,catboost,1,0.9998215546923298,4.787194945034571,0.0032784459181129,
optdigits,catboost,2,0.9995919893204672,4.735158595023677,0.0035583639983087,
optdigits,catboost,3,0.999873290840254,4.792279222980142,0.0041310370434075,
optdigits,catboost,4,0.999884620112163,4.772477098042145,0.0036030309274792,
optdigits,tabpfn,0,0.9999858836815358,0.7558514319825917,2.194718256010674,
optdigits,tabpfn,1,0.9999921493326188,0.4748861789703369,0.9729465279961004,
optdigits,tabpfn,2,0.9999473300636936,0.4236670880345627,0.9740384259494022,
optdigits,tabpfn,3,0.999985076680034,0.4766151560470462,0.972285283030942,
optdigits,tabpfn,4,0.9999859728322222,0.4504385400796309,0.9712423490127547,
optdigits,tabicl,0,0.99999117730096,0.3937214040197432,0.5347177559742704,
optdigits,tabicl,1,0.9999930382982726,0.3769788299687207,0.3946270450251177,
optdigits,tabicl,2,0.9999744810869562,0.3783920370042324,0.3943975119618699,
optdigits,tabicl,3,0.999989453683086,0.3799150970298797,0.3967779390513897,
optdigits,tabicl,4,0.9999886470456518,0.3774759409716353,0.3936394719639793,
credit-approval,random_forest,0,0.9264643463497454,0.0999808689812198,0.0148749209474772,
credit-approval,random_forest,1,0.906409168081494,0.096075409092009,0.0149863259866833,
credit-approval,random_forest,2,0.955716414732808,0.0870822239667177,0.0149662469048053,
credit-approval,random_forest,3,0.9067489887162018,0.0939341969788074,0.0149229619419202,
credit-approval,random_forest,4,0.9718969555035128,0.0947741590207442,0.0147690429585054,
credit-approval,xgboost,0,0.9333616298811546,0.2303522150032222,0.0029279239242896,
credit-approval,xgboost,1,0.9117147707979628,0.0279166999971494,0.0028637789655476,
credit-approval,xgboost,2,0.9489035554609324,0.0289857629686594,0.0028376899426802,
credit-approval,xgboost,3,0.8912071535022354,0.0283698339480906,0.002826121984981,
credit-approval,xgboost,4,0.9695550351288056,0.0338307939236983,0.0035706720082089,
credit-approval,lightgbm,0,0.9388794567062818,0.0290939740370959,0.0034963419893756,
credit-approval,lightgbm,1,0.9108658743633276,0.0299257540609687,0.002963175997138,
credit-approval,lightgbm,2,0.9427294017457952,0.0281408729497343,0.0029595809755846,
credit-approval,lightgbm,3,0.8975942090696188,0.0289150479948148,0.0029531710315495,
credit-approval,lightgbm,4,0.968490525867575,0.0282917190343141,0.0028078249888494,
credit-approval,catboost,0,0.9352716468590832,1.606254371930845,0.0015909710200503,
credit-approval,catboost,1,0.9076825127334466,1.5898689400637522,0.0020746419904753,
credit-approval,catboost,2,0.9459229295294868,1.5728627620264888,0.0016005650395527,
credit-approval,catboost,3,0.9210134128166916,1.5468486789613962,0.0015531049575656,
credit-approval,catboost,4,0.9727485629124972,1.5605992240598423,0.0016758580459281,
credit-approval,tabpfn,0,0.9348471986417656,0.7306668850360438,1.1494056970113888,
credit-approval,tabpfn,1,0.916383701188455,0.4534274149918929,0.3190133839379996,
credit-approval,tabpfn,2,0.9418777943368108,0.3920673789689317,0.3196300020208582,
credit-approval,tabpfn,3,0.9267617628273366,0.3927516900002956,0.3193091049324721,
credit-approval,tabpfn,4,0.975942090696189,0.3910575939808041,0.3185715649742633,
credit-approval,tabicl,0,0.935483870967742,0.261513140052557,0.084368419018574,
credit-approval,tabicl,1,0.9176570458404076,0.3805455359397456,0.0649961259914562,
credit-approval,tabicl,2,0.9523099850968704,0.26522824796848,0.0655271669384092,
credit-approval,tabicl,3,0.9278262720885672,0.2662599560571834,0.0659133029403165,
credit-approval,tabicl,4,0.9750904832872044,0.262424829066731,0.0651374459266662,
kr-vs-kp,random_forest,0,0.9997113615905444,0.1178546620067209,0.0184428680222481,
kr-vs-kp,random_forest,1,0.9997153234514576,0.1105505609884858,0.0182521140668541,
kr-vs-kp,random_forest,2,0.9996417002061452,0.1100958029273897,0.018406915012747,
kr-vs-kp,random_forest,3,0.9965789732011388,0.1115181120112538,0.0182812169659882,
kr-vs-kp,random_forest,4,0.999435710220024,0.1111511649796739,0.0183102809824049,
kr-vs-kp,xgboost,0,0.999892372118508,0.2550930150318891,0.0056068740086629,
kr-vs-kp,xgboost,1,0.9999312849710414,0.0334355660015717,0.0053308819187805,
kr-vs-kp,xgboost,2,0.9996564248552076,0.0330387650756165,0.0052614690503105,
kr-vs-kp,xgboost,3,0.9993128497104152,0.033070120960474,0.0052551799453794,
kr-vs-kp,xgboost,4,0.9997840978233136,0.0327591580571606,0.0052370530320331,
kr-vs-kp,lightgbm,0,0.9999119408242338,0.0438521460164338,0.0060030450113117,
kr-vs-kp,lightgbm,1,0.999970550701875,0.0418342490447685,0.0058997009182348,
kr-vs-kp,lightgbm,2,0.9995680769608324,0.0416807800065726,0.1091564430389553,
kr-vs-kp,lightgbm,3,0.9996367919897908,0.0419302419759333,0.0058652290608733,
kr-vs-kp,lightgbm,4,0.9997840978233136,0.0412417360348627,0.0058364259311929,
kr-vs-kp,catboost,0,0.9997749598841532,1.7459141430445015,0.0027951539959758,
kr-vs-kp,catboost,1,0.9994306469029156,1.6733255529543385,0.0029019330395385,
kr-vs-kp,catboost,2,0.9999214685383332,1.6759489220567048,0.0031321269925683,
kr-vs-kp,catboost,3,0.9991067046235398,1.6688534300774336,0.0027984589105471,
kr-vs-kp,catboost,4,0.9996074505878428,1.667809774982743,0.0032755909487605,
kr-vs-kp,tabpfn,0,0.9999217251770968,0.9805833499412984,2.165454540052451,
kr-vs-kp,tabpfn,1,0.9999312849710416,0.5995369750307873,0.9392644080799072,
kr-vs-kp,tabpfn,2,0.999970550701875,0.5482863669749349,0.6537455610232428,
kr-vs-kp,tabpfn,3,0.9993717483066652,0.5402701440034434,1.013808622956276,
kr-vs-kp,tabpfn,4,0.9998233527645292,0.6673903610790148,0.6503926559817046,
kr-vs-kp,tabicl,0,0.9999804312942744,0.3659105540718883,0.3459123079665005,
kr-vs-kp,tabicl,1,0.9999803671345832,0.3273808980593458,0.2343109720386564,
kr-vs-kp,tabicl,2,0.999970550701875,0.3249358549946919,0.1687537980033084,
kr-vs-kp,tabicl,3,0.9994306469029154,0.3257354870438576,0.2691222879802808,
kr-vs-kp,tabicl,4,0.9998429802351372,0.3233462169300765,0.16962019901257,
isolet,random_forest,0,0.9978491452991454,1.8785253699170423,0.0347516540205106,
isolet,random_forest,1,0.9981581196581196,1.858238568995148,0.0338881850475445,
isolet,random_forest,2,0.9989276201518092,1.852254546014592,0.0345351709984242,
isolet,random_forest,3,0.9984396133711044,1.8751774029806256,0.0220182869816198,
isolet,random_forest,4,0.998045389088887,1.870586139964871,0.0326389800757169,
isolet,xgboost,0,0.9985564102564104,28.329278619028628,0.0603101749438792,
isolet,xgboost,1,0.9987307692307692,26.72844132001046,0.0581952260108664,
isolet,xgboost,2,0.9993660316496672,25.04564743093215,0.0587474040221422,
isolet,xgboost,3,0.9990580891389566,25.326777021982707,0.1783200040226802,
isolet,xgboost,4,0.998309002756872,24.816444242955185,0.0574281959561631,
isolet,lightgbm,0,0.9988581196581195,20.01340795995202,0.0330033289501443,
isolet,lightgbm,1,0.9990918803418803,19.759789380943403,0.0335888731060549,
isolet,lightgbm,2,0.9993846913442804,19.87396872800309,0.0329859519843012,
isolet,lightgbm,3,0.9993762708385338,19.928474311018363,0.0329016030300408,
isolet,lightgbm,4,0.9983590323434512,19.78867493092548,0.0344519870122894,
isolet,catboost,0,0.9994205128205128,500.7949927089503,0.0182150980690494,
isolet,catboost,1,0.9991773504273506,501.11503031803295,0.0192768529523164,
isolet,catboost,2,0.9995755104301026,508.57941919600125,0.0178613209864124,
isolet,catboost,3,0.9993296516089676,507.8546001819195,0.0190449369838461,
isolet,catboost,4,0.9989881827635922,508.1418901430443,0.0182715719565749,
isolet,tabpfn,0,0.9996521367521368,1.1479183690389618,3.999209149973467,
isolet,tabpfn,1,0.9995615384615384,0.7735704169608653,2.9563991739414632,
isolet,tabpfn,2,0.9997757172027476,0.8232230490539223,3.210988785955124,
isolet,tabpfn,3,0.99950469369845,0.7261574460426345,2.961403231020085,
isolet,tabpfn,4,0.9994005069002978,0.8207739149220288,2.9639240519609302,
isolet,tabicl,0,0.9998141025641024,1.9975349369924515,7.553664003033191,
isolet,tabicl,1,0.9996337606837606,1.9763555219396949,7.243760529905558,
isolet,tabicl,2,0.9999033195823146,2.0875087479362264,7.439028011984192,
isolet,tabicl,3,0.9997381200678768,2.112395968986675,7.220154701033607,
isolet,tabicl,4,0.9994776065399532,1.9865304119884968,7.173169731046073,
vowel,random_forest,0,0.9985970819304152,0.1082545119570568,0.014397780993022,
vowel,random_forest,1,0.998709315375982,0.1002101700287312,0.0142673259833827,
vowel,random_forest,2,0.998162177328844,0.0983100049197673,0.0142342569306492,
vowel,random_forest,3,0.9991021324354658,0.0981996610062196,0.0142499000066891,
vowel,random_forest,4,0.9983164983164984,0.1052741550374776,0.0143019380047917,
vowel,xgboost,0,0.9949214365881032,0.4905449149664491,0.0040558410109952,
vowel,xgboost,1,0.9925925925925928,0.263921330915764,0.0033155960263684,
vowel,xgboost,2,0.991919191919192,0.2592599159106612,0.0032999829854816,
vowel,xgboost,3,0.9952020202020204,0.2621468129800632,0.0033283659722656,
vowel,xgboost,4,0.9945566778900112,0.2646819460205734,0.0032933140173554,
vowel,lightgbm,0,0.998540965207632,0.5353937980253249,0.0047478330088779,
vowel,lightgbm,1,0.9943602693602694,0.5371896070428193,0.0061801000265404,
vowel,lightgbm,2,0.996492704826038,0.5327386070275679,0.004690347937867,
vowel,lightgbm,3,0.9982603815937148,0.5291277089854702,0.0061702359234914,
vowel,lightgbm,4,0.9950617283950616,0.5297891959780827,0.0048747729742899,
vowel,catboost,0,0.9990179573512908,5.853581673000008,0.0032872839365154,
vowel,catboost,1,0.9997755331088664,5.844979770015925,0.002926745917648,
vowel,catboost,2,0.99817620650954,5.748283540946432,0.0027130780508741,
vowel,catboost,3,0.9994107744107744,5.790178488008678,0.0028668969171121,
vowel,catboost,4,0.9988496071829406,5.789694466046058,0.002609182964079,
vowel,tabpfn,0,1.0,0.7372648729942739,1.153559769038111,
vowel,tabpfn,1,1.0,0.4440823139157146,0.3244099069852382,
vowel,tabpfn,2,1.0,0.3857054089894518,0.3225457159569487,
vowel,tabpfn,3,1.0,0.3923528370214626,0.3237942099804058,
vowel,tabpfn,4,1.0,0.3861134579638019,0.3240422990638762,
vowel,tabicl,0,1.0,0.2493669369723647,0.3170605930499732,
vowel,tabicl,1,1.0,0.388383234036155,0.2928582140011713,
vowel,tabicl,2,1.0,0.2407357190968468,0.2893159789964556,
vowel,tabicl,3,1.0,0.239552523009479,0.28937891300302,
vowel,tabicl,4,1.0,0.2406608469318598,0.2896208839956671,
credit-g,random_forest,0,0.7825595238095236,0.1025897680083289,0.0153800930129364,
credit-g,random_forest,1,0.7800595238095238,0.0980684390524402,0.0154118710197508,
credit-g,random_forest,2,0.7613095238095239,0.0981219690293073,0.0152412960305809,
credit-g,random_forest,3,0.8147619047619048,0.097094988101162,0.01540522207506,
credit-g,random_forest,4,0.7673214285714285,0.0964099169941619,0.0153551959665492,
credit-g,xgboost,0,0.7873809523809524,0.2298843380995094,0.0035984639544039,
credit-g,xgboost,1,0.7505952380952381,0.0297244939720258,0.0034844130277633,
credit-g,xgboost,2,0.7869047619047619,0.0296759520424529,0.0034473279956728,
credit-g,xgboost,3,0.7825000000000001,0.0297055650735273,0.0034348301123827,
credit-g,xgboost,4,0.7845238095238095,0.0302633170504122,0.0039865209255367,
credit-g,lightgbm,0,0.7780952380952382,0.0362062649801373,0.0033407299779355,
credit-g,lightgbm,1,0.7411904761904762,0.0335089450236409,0.00319454097189,
credit-g,lightgbm,2,0.7394047619047619,0.0337957020383328,0.0031600799411535,
credit-g,lightgbm,3,0.8020238095238095,0.0338807289954274,0.0032035349868237,
credit-g,lightgbm,4,0.7730952380952381,0.0343300080858171,0.0031256589572876,
credit-g,catboost,0,0.8044047619047618,2.4875145240221173,0.0025469759711995,
credit-g,catboost,1,0.7486904761904761,2.485642362968065,0.0024656050372868,
credit-g,catboost,2,0.7767857142857143,2.461432119016536,0.0021518269786611,
credit-g,catboost,3,0.8313095238095237,2.4511253469390795,0.0025768410414457,
credit-g,catboost,4,0.7853571428571429,2.4202546639135107,0.002547467011027,
credit-g,tabpfn,0,0.7927380952380952,0.7543105249060318,1.16954292205628,
credit-g,tabpfn,1,0.7632142857142857,0.4640941140241921,0.3276547130662948,
credit-g,tabpfn,2,0.7958333333333333,0.4065445270389318,0.3260177839547395,
credit-g,tabpfn,3,0.8317857142857144,0.407390056992881,0.3259035729570314,
credit-g,tabpfn,4,0.8058333333333334,0.4121341080171987,0.3271859750384465,
credit-g,tabicl,0,0.7870238095238095,0.2622024479787797,0.1102604920743033,
credit-g,tabicl,1,0.7660714285714285,0.4067870179424062,0.0935831950046122,
credit-g,tabicl,2,0.8004761904761906,0.2734707929193973,0.0932061919011175,
credit-g,tabicl,3,0.8172619047619047,0.2746698800474405,0.0930626980261877,
credit-g,tabicl,4,0.8114285714285715,0.2687104979995638,0.0933758449973538,
pendigits,random_forest,0,0.99993283019765,0.2234021769836545,0.0134460109984502,
pendigits,random_forest,1,0.9992848105083032,0.2169981009792536,0.0134088260820135,
pendigits,random_forest,2,0.9996623709611128,0.2175899429712444,0.0133597430540248,
pendigits,random_forest,3,0.9995862542817096,0.2061610899399966,0.0133669530041515,
pendigits,random_forest,4,0.9998917647727884,0.2166123259812593,0.013339441968128,
pendigits,xgboost,0,0.9999304645340328,0.5017525230068713,0.0082499870331957,
pendigits,xgboost,1,0.9996026320244136,0.2766415390651673,0.0073850071057677,
pendigits,xgboost,2,0.9997206748186872,0.2776689999736845,0.0074135400354862,
pendigits,xgboost,3,0.99964430004742,0.2756922040134668,0.0073908260092139,
pendigits,xgboost,4,0.9998576858505966,0.2769534139661118,0.0074885920621454,
pendigits,lightgbm,0,0.9999665508165332,0.3986375720705837,0.0162885680329054,
pendigits,lightgbm,1,0.9996410650819836,0.3950524490792304,0.0170626420294865,
pendigits,lightgbm,2,0.9996719617313186,0.3984613090287894,0.0160749889910221,
pendigits,lightgbm,3,0.9994799572806232,0.3957740439800545,0.0158356530591845,
pendigits,lightgbm,4,0.9998451701163548,0.3979904979933053,0.0157670499756932,
pendigits,catboost,0,0.9999764908699188,4.667384649976157,0.0037298089591786,
pendigits,catboost,1,0.9995395487560638,4.63973792293109,0.0034585850080475,
pendigits,catboost,2,0.999548333536805,4.61855190503411,0.0037714809877797,
pendigits,catboost,3,0.9997123153873956,4.614379164995626,0.0035291099920868,
pendigits,catboost,4,0.999980114275641,4.602969128987752,0.0036271560238674,
pendigits,tabpfn,0,0.9999986022207172,0.7291646259836853,1.885357269085944,
pendigits,tabpfn,1,0.9999636047306242,0.4521681281039491,0.7819307130994275,
pendigits,tabpfn,2,0.9997299277842124,0.4442180789774284,0.9868461759760976,
pendigits,tabpfn,3,0.999705750480114,0.3942481889389455,0.7836414130870253,
pendigits,tabpfn,4,0.9999979370403894,0.3876301749842241,0.7829296819400042,
pendigits,tabicl,0,0.999999761602792,0.2958530929172411,0.5409143229480833,
pendigits,tabicl,1,0.999972902221732,0.3168241899693385,0.3692821379518136,
pendigits,tabicl,2,0.9995349893417668,0.323228947003372,0.4306123399874195,
pendigits,tabicl,3,0.9997253685746031,0.4301569310482591,0.3699687720509246,
pendigits,tabicl,4,0.9999983805967354,0.3216766930418089,0.3702197959646582,
diabetes,random_forest,0,0.856111111111111,0.0940195040311664,0.0130444030510261,
diabetes,random_forest,1,0.8404629629629631,0.0926415609428659,0.0130989339668303,
diabetes,random_forest,2,0.8239814814814815,0.0917813489213585,0.0130719940643757,
diabetes,random_forest,3,0.8011320754716982,0.0908844809746369,0.0130985130090266,
diabetes,random_forest,4,0.7972641509433962,0.0910204140236601,0.0130898499628528,
diabetes,xgboost,0,0.7975925925925926,0.2312452370533719,0.002319757011719,
diabetes,xgboost,1,0.8316666666666666,0.0271810829872265,0.0020652879029512,
diabetes,xgboost,2,0.8007407407407408,0.0271554740611463,0.0020781980128958,
diabetes,xgboost,3,0.7835849056603774,0.0272248780820518,0.0020649069920182,
diabetes,xgboost,4,0.7373584905660376,0.02689166192431,0.0020833850139752,
diabetes,lightgbm,0,0.8181481481481482,0.0234989749733358,0.0010709059424698,
diabetes,lightgbm,1,0.8351851851851851,0.0265612389193847,0.000995363923721,
diabetes,lightgbm,2,0.7890740740740741,0.0223414599895477,0.000980832031928,
diabetes,lightgbm,3,0.7830188679245282,0.0221164340618997,0.0009706770069897,
diabetes,lightgbm,4,0.7611320754716981,0.0220779170049354,0.0009520889725536,
diabetes,catboost,0,0.855925925925926,0.5994081259705126,0.0010471309069544,
diabetes,catboost,1,0.862037037037037,0.5360846440307796,0.0010445369407534,
diabetes,catboost,2,0.8192592592592592,0.5246052140137181,0.000957797979936,
diabetes,catboost,3,0.8160377358490567,0.5339286010712385,0.0017893170006573,
diabetes,catboost,4,0.7962264150943396,0.5288301709806547,0.0008601720910519,
diabetes,tabpfn,0,0.8466666666666667,0.7205418540397659,1.144099930068478,
diabetes,tabpfn,1,0.8683333333333333,0.43693724705372,0.3115242710337043,
diabetes,tabpfn,2,0.8437037037037037,0.3786084280582145,0.3112074889941141,
diabetes,tabpfn,3,0.8318867924528303,0.3781936110462993,0.4735449299914762,
diabetes,tabpfn,4,0.8043396226415095,0.3810871329624206,0.3158065229654312,
diabetes,tabicl,0,0.8440740740740741,0.2470018619205802,0.0803535159211605,
diabetes,tabicl,1,0.8629629629629629,0.2699391989735886,0.0597803110722452,
diabetes,tabicl,2,0.8511111111111112,0.3908752119168639,0.060090143000707,
diabetes,tabicl,3,0.8279245283018868,0.2518334530759603,0.0598250280600041,
diabetes,tabicl,4,0.8175471698113208,0.2578366909874603,0.0602498110383749,
sick,random_forest,0,0.9952934322683512,0.1278666220605373,0.0179356929147616,
sick,random_forest,1,0.9966492366871018,0.1206762759247794,0.0178252289770171,
sick,random_forest,2,0.9962386391549988,0.1121230879798531,0.0180146510247141,
sick,random_forest,3,0.997466838614591,0.1216720700031146,0.0179200889542698,
sick,random_forest,4,0.996330754114468,0.1122665010625496,0.0177929899655282,
sick,xgboost,0,0.9961672901208072,0.2438247960526496,0.0055571020347997,
sick,xgboost,1,0.9869275153263612,0.0373311820439994,0.0044997670920565,
sick,xgboost,2,0.99840334070253,0.0386449989164248,0.0045600070152431,
sick,xgboost,3,0.9979734708916728,0.0377428949577733,0.004485095036216,
sick,xgboost,4,0.9990174404323262,0.0370495819952338,0.0044694419484585,
sick,lightgbm,0,0.9978230207886184,0.0546059691114351,0.0052193789742887,
sick,lightgbm,1,0.9936290419521576,0.0538410089211538,0.0052155639277771,
sick,lightgbm,2,0.9991095553917956,0.0619753929786384,0.005297887022607,
sick,lightgbm,3,0.9984954556619996,0.0554499169811606,0.0050890049897134,
sick,lightgbm,4,0.9976357160402848,0.0575334320310503,0.0050924509996548,
sick,catboost,0,0.9980683142208868,2.004884463036433,0.0029274430125951,
sick,catboost,1,0.9944103858636856,1.8380047109676525,0.002838350017555,
sick,catboost,2,0.9995394252026528,1.947280935943127,0.0030829049646854,
sick,catboost,3,0.999355195283714,1.9319215430878105,0.0026560890255495,
sick,catboost,4,0.9992630803242446,1.9533785550156608,0.0026208870112895,
sick,tabpfn,0,0.9989575029128596,0.8400090270442888,1.694582032971084,
sick,tabpfn,1,0.9965741074648397,0.5641486219828948,0.583859471953474,
sick,tabpfn,2,0.9993551952837142,0.5024493919918314,1.2628629329847172,
sick,tabpfn,3,0.9989867354458364,0.5140702719800174,0.6405647300416604,
sick,tabpfn,4,0.9981884057971014,0.5036545080365613,0.5814769410062581,
sick,tabicl,0,0.9981602992579874,0.427152442978695,0.3520044460892677,
sick,tabicl,1,0.9972953479985576,0.3202334420057013,0.1645826869644224,
sick,tabicl,2,0.9988639154998772,0.3181140830274671,0.2992540720151737,
sick,tabicl,3,0.9988332105133874,0.3241498289862647,0.1966978850541636,
sick,tabicl,4,0.9986796855809384,0.3234955240041017,0.248524350929074,
texture,random_forest,0,0.99979,0.2191652639303356,0.0131591850658878,
texture,random_forest,1,0.9994204545454548,0.2120184679515659,0.0130871559958904,
texture,random_forest,2,0.999805,0.2140688169747591,0.013075909926556,
texture,random_forest,3,0.9995268181818182,0.2133263850118965,0.0131239920156076,
texture,random_forest,4,0.9994854545454545,0.2147809730377048,0.0130997250089421,
texture,xgboost,0,0.999899090909091,1.1968349859816954,0.0062387880170717,
texture,xgboost,1,0.9996963636363636,0.3660665140487253,0.0061031540390104,
texture,xgboost,2,0.9998181818181816,0.3671763959573582,0.0060849369037896,
texture,xgboost,3,0.9996790909090908,0.36271148303058,0.0060099139809608,
texture,xgboost,4,0.9997672727272728,0.3609702660469338,0.0060378269990906,
texture,lightgbm,0,0.9998545454545454,0.5710897629614919,0.0089147730031982,
texture,lightgbm,1,0.9997054545454546,0.5627743580844253,0.0080519010080024,
texture,lightgbm,2,0.9996518181818184,0.5643863399745896,0.0078952559269964,
texture,lightgbm,3,0.9998127272727272,0.5628261950332671,0.0078652809606865,
texture,lightgbm,4,0.9998881818181818,0.5732419929699972,0.0078617359977215,
texture,catboost,0,0.99987,10.961452682968227,0.0032714860280975,
texture,catboost,1,0.9997818181818182,14.839606301044114,0.0039288999978452,
texture,catboost,2,0.9999172727272728,14.91665321297478,0.0038699320284649,
texture,catboost,3,0.9997827272727272,15.09885021892842,0.0037964519578963,
texture,catboost,4,0.9999136363636364,14.870910451980308,0.0035413609584793,
texture,tabpfn,0,1.0,0.696598385926336,1.7142021449981255,
texture,tabpfn,1,1.0,0.3950099629582837,0.6327678540255874,
texture,tabpfn,2,1.0,0.3388545180205256,0.6337315359851345,
texture,tabpfn,3,1.0,0.3459512490080669,0.6343328859657049,
texture,tabpfn,4,1.0,0.3404302150011062,0.634283262072131,
texture,tabicl,0,1.0,0.2662389070028439,1.073163682944141,
texture,tabicl,1,1.0,0.2765666239429265,0.7601159990299493,
texture,tabicl,2,1.0,0.2748523480258882,0.7596493910532445,
texture,tabicl,3,1.0,0.276379904942587,0.7593976149801165,
texture,tabicl,4,1.0,0.2765812459401786,0.7592610899591818,
connect-4,random_forest,0,0.8930496775866806,0.9002135270275176,0.0872233230620622,
connect-4,random_forest,1,0.8935113046802172,0.8621215359307826,0.087620988022536,
connect-4,random_forest,2,0.8912400676682578,0.8738700989633799,0.0874577639624476,
connect-4,random_forest,3,0.8902291595993468,0.8608573540113866,0.0882165200309827,
connect-4,random_forest,4,0.8922333192999709,0.8712989420164376,0.0870919659500941,
connect-4,xgboost,0,0.9141565837923123,1.146374523988925,0.0180952220689505,
connect-4,xgboost,1,0.9158458038520156,0.329916701070033,0.0177602809853851,
connect-4,xgboost,2,0.9197706872379432,0.3330832489300519,0.0178279619431123,
connect-4,xgboost,3,0.9177301850402616,0.3321609799750149,0.0179458990460261,
connect-4,xgboost,4,0.9189677242404274,0.3369732520077377,0.1257157030049711,
connect-4,lightgbm,0,0.9118839966333656,0.2807420730823651,0.0335076389601454,
connect-4,lightgbm,1,0.9161116780805276,0.2776875019771978,0.0341170020401477,
connect-4,lightgbm,2,0.914719982823076,0.2822951279813424,0.03448143589776,
connect-4,lightgbm,3,0.9119441735921026,0.2797590119298547,0.0347014759900048,
connect-4,lightgbm,4,0.9133377790417032,0.2796856618952006,0.033963872003369,
connect-4,catboost,0,0.9180340156436136,224.2021926160669,0.0449745310470461,
connect-4,catboost,1,0.919752510516558,221.43969316594303,0.0435241759987548,
connect-4,catboost,2,0.9215523593232722,220.7961753479904,0.0431249280227348,
connect-4,catboost,3,0.9177225830806846,222.66038929508068,0.0443450909806415,
connect-4,catboost,4,0.919327280269402,221.9973130149301,0.0436528449645265,
connect-4,tabpfn,0,0.9393055428266516,4.648178918054327,8.402601392939687,
connect-4,tabpfn,1,0.9412943946255904,4.3504358500940725,7.440086937043816,
connect-4,tabpfn,2,0.9395485664791788,4.132354920962825,7.564445522031747,
connect-4,tabpfn,3,0.938047582100745,4.2038320360006765,7.510436164913699,
connect-4,tabpfn,4,0.9388267980428232,4.349678475991823,7.446412497083656,
connect-4,tabicl,0,0.942172764726203,1.325450071017258,4.271696222946048,
connect-4,tabicl,1,0.944179605909768,1.3396546939620748,4.066709836013615,
connect-4,tabicl,2,0.94259546404682,1.3344478600192815,4.171814979985356,
connect-4,tabicl,3,0.9405760200988316,1.3529144229833037,4.076169956009835,
connect-4,tabicl,4,0.9426056839224988,1.3752414350165054,4.063532900065184,
dna,random_forest,0,0.9924602653371584,0.2295841960003599,0.0401781679829582,
dna,random_forest,1,0.9934185561013192,0.2280272940406575,0.040065680979751,
dna,random_forest,2,0.9916973573834972,0.2220902839908376,0.0406071579782292,
dna,random_forest,3,0.9954456012483864,0.2297158819856122,0.0402954029850661,
dna,random_forest,4,0.9920322249836614,0.2200424099573865,0.0421805629739537,
dna,xgboost,0,0.995807038831878,0.4617172710131854,0.0189213179983198,
dna,xgboost,1,0.9941892714240324,0.2448726380243897,0.0193316300865262,
dna,xgboost,2,0.993259411244128,0.2374935270054265,0.0191998730879277,
dna,xgboost,3,0.9959372470035346,0.252568720956333,0.0188473879825323,
dna,xgboost,4,0.9944757629218612,0.2490239769686013,0.0186772840097546,
dna,lightgbm,0,0.9937492310962498,0.3882981470087543,0.1339707240695133,
dna,lightgbm,1,0.9956268448360148,0.391803783015348,0.0201452120672911,
dna,lightgbm,2,0.992515438785048,0.4019474959932267,0.023333154967986,
dna,lightgbm,3,0.9969633352551748,0.3989407230401411,0.0217098949942737,
dna,lightgbm,4,0.994328819042698,0.4191136070294305,0.0219770040130242,
dna,catboost,0,0.9951039873286676,9.170035185990857,0.0119990479433909,
dna,catboost,1,0.995164104220278,9.082601568079554,0.0110953509574756,
dna,catboost,2,0.9934364458735592,8.896247870987281,0.0113018889678642,
dna,catboost,3,0.9959869113503376,8.875666599022225,0.0112469670129939,
dna,catboost,4,0.9940870138790824,8.844996756059118,0.0113455340033397,
dna,tabpfn,0,0.9935991212211284,1.6011045870836824,3.137556337984279,
dna,tabpfn,1,0.996846490767844,1.420080685056746,2.2748583430657163,
dna,tabpfn,2,0.9918005210567854,1.1971640599658713,2.0179438029881567,
dna,tabpfn,3,0.9973059675710856,1.317510972963646,2.0037121259374544,
dna,tabpfn,4,0.9959700980218354,1.218018600018695,2.0040014679543674,
dna,tabicl,0,0.9940286321351216,0.6354347200831398,0.7605804980266839,
dna,tabicl,1,0.996430055491884,0.7425121910637245,0.656711399089545,
dna,tabicl,2,0.994557062294594,0.6316953249042854,0.5982516770018265,
dna,tabicl,3,0.997056421907384,0.6298397689824924,0.5984426920767874,
dna,tabicl,4,0.9959470700039004,0.6348972080741078,0.6002213729079813,
churn,random_forest,0,0.9268033917056778,0.185709886951372,0.0155531070195138,
churn,random_forest,1,0.9390805736507072,0.1806758330203592,0.0154603190021589,
churn,random_forest,2,0.9282234826905768,0.1801755469059571,0.0155371730215847,
churn,random_forest,3,0.9003578581043369,0.1864047329872846,0.0157252930803224,
churn,random_forest,4,0.8976739223218095,0.1810042420402169,0.0155404480174183,
churn,xgboost,0,0.927748742971788,0.2886148089310154,0.004067062982358,
churn,xgboost,1,0.9484473947109868,0.0896008070558309,0.0047776019200682,
churn,xgboost,2,0.9420404725930696,0.0856356859439984,0.0038961680838838,
churn,xgboost,3,0.9090170392987296,0.0848438960965722,0.0039324630051851,
churn,xgboost,4,0.887980564036902,0.0856271439697593,0.0039607449434697,
churn,lightgbm,0,0.9209702854217754,0.1006600749678909,0.0034499230096116,
churn,lightgbm,1,0.9416771935039092,0.098620373988524,0.0034086509840562,
churn,lightgbm,2,0.9421065233365532,0.0963284469908103,0.003541189013049,
churn,lightgbm,3,0.9087872221675038,0.0978660490363836,0.0033988769864663,
churn,lightgbm,4,0.8978052463967957,0.0995045920135453,0.0035398580366745,
churn,catboost,0,0.9211932066810328,6.631272090948187,0.0028350759530439,
churn,catboost,1,0.9482079607658584,6.638524984009564,0.0027450619963929,
churn,catboost,2,0.9482822678522776,6.90870221494697,0.0054738610051572,
churn,catboost,3,0.908122394037887,6.734039388014935,0.0027084870962426,
churn,catboost,4,0.9010308939886404,6.607239022967406,0.0024315050104632,
churn,tabpfn,0,0.931084305517714,0.8174534549470991,1.8246695179259405,
churn,tabpfn,1,0.9573312197095418,0.5076089460635558,0.6024009530665353,
churn,tabpfn,2,0.9398979516013176,0.4537070189835503,0.594906501006335,
churn,tabpfn,3,0.910043008634558,0.4361693930113688,0.5942712040850893,
churn,tabpfn,4,0.9197527824288388,0.4408487000036984,0.592586902086623,
churn,tabicl,0,0.9307499236288276,0.2820905019761994,0.3537587060127407,
churn,tabicl,1,0.9446825023324168,0.4303598030237481,0.1822616669815033,
churn,tabicl,2,0.951560035997655,0.2785033239051699,0.1863483189372345,
churn,tabicl,3,0.9229291834925636,0.2778974419925362,0.1877417969517409,
churn,tabicl,4,0.9093330378541646,0.2792901979992166,0.1926639949670061,
Devnagari-Script,random_forest,0,0.9963514915458936,22.98968623694964,0.2997804649639874,
Devnagari-Script,random_forest,1,0.9961757367149758,23.28196448704693,0.3005747580900788,
Devnagari-Script,random_forest,2,0.9962545153985508,22.99568527902011,0.2644567440729588,
Devnagari-Script,random_forest,3,0.9964587379227052,22.785435465048067,0.2693004360189661,
Devnagari-Script,random_forest,4,0.9958728260869564,23.14957425207831,0.2717043199809268,
Devnagari-Script,xgboost,0,0.9984993251811596,729.9858874280471,0.5385687369853258,
Devnagari-Script,xgboost,1,0.9983771890096618,735.1202769669471,0.5073284809477627,
Devnagari-Script,xgboost,2,0.9982154000603864,727.8537233880488,0.469280824996531,
Devnagari-Script,xgboost,3,0.998491286231884,730.4772186769405,0.4718735619680956,
Devnagari-Script,xgboost,4,0.9981307759661834,727.273088915972,0.6098992100451142,
Devnagari-Script,lightgbm,0,0.998207104468599,294.341959804995,1.0130229439819232,
Devnagari-Script,lightgbm,1,0.998125975241546,297.4324677659897,0.9794062400469556,
Devnagari-Script,lightgbm,2,0.997931699879227,281.7341854419792,0.9953948820475488,
Devnagari-Script,lightgbm,3,0.9983784812801934,295.3699518889189,0.8546897220658138,
Devnagari-Script,lightgbm,4,0.9979502657004832,315.9157947739586,0.9925167569890618,
Devnagari-Script,catboost,0,0.9993956853864734,4827.02556334401,0.1338523370213806,
Devnagari-Script,catboost,1,0.9993542361111112,4818.147331577959,0.1165258300025016,
Devnagari-Script,catboost,2,0.9993354559178744,4819.040340390056,0.1260495920432731,
Devnagari-Script,catboost,3,0.9994202264492752,4820.993901115959,0.1169320769840851,
Devnagari-Script,catboost,4,0.999276663647343,4839.571270187036,0.119280747952871,
Devnagari-Script,tabpfn,0,0.9998155585748792,3.622931318008341,28.67505133303348,
Devnagari-Script,tabpfn,1,0.9997665187198068,3.4888042700476944,26.87132361892145,
Devnagari-Script,tabpfn,2,0.9997802143719808,3.5581881509860978,26.94623089092784,
Devnagari-Script,tabpfn,3,0.999792388285024,3.48351847298909,27.05394598399289,
Devnagari-Script,tabpfn,4,0.9997482820048308,3.490585046005436,26.8981369799003,
Devnagari-Script,tabicl,0,0.9999040851449276,41.6702297469601,255.07542622019537,
Devnagari-Script,tabicl,1,0.9998764341787442,41.26831385004334,236.07221791986376,
Devnagari-Script,tabicl,2,0.9998756295289852,41.160777358105406,235.75347048812543,
Devnagari-Script,tabicl,3,0.9998958997584542,41.50748987402767,236.00242085312493,
Devnagari-Script,tabicl,4,0.9998641847826087,41.3612075150013,235.14339580200613,
CIFAR_10,random_forest,0,0.847577862654321,41.565398502978496,0.3523351959884166,
CIFAR_10,random_forest,1,0.8536223032407408,41.619858325022506,0.3399635289970319,
CIFAR_10,random_forest,2,0.8491961304012345,41.58178958698409,0.4033263750025071,
CIFAR_10,random_forest,3,0.8498686535493828,41.39029436401324,0.3257902380137238,
CIFAR_10,random_forest,4,0.8528128433641975,41.478351933998056,0.3350952040054835,
CIFAR_10,xgboost,0,0.8962206018518518,429.8261641919962,0.3217803529987577,
CIFAR_10,xgboost,1,0.899649899691358,422.737882218993,0.432727615989279,
CIFAR_10,xgboost,2,0.8975255555555556,426.6506340019987,0.4294760090124327,
CIFAR_10,xgboost,3,0.8963444328703705,425.69154915300896,0.3206855290045496,
CIFAR_10,xgboost,4,0.901687989969136,425.4975961150194,0.3100140349997673,
CIFAR_10,lightgbm,0,0.8926625462962962,126.09554207802285,0.2928874249919317,
CIFAR_10,lightgbm,1,0.8965099614197533,126.05097844600095,0.3691307120025158,
CIFAR_10,lightgbm,2,0.8929566280864198,125.6750062170031,0.2177105710143223,
CIFAR_10,lightgbm,3,0.894595401234568,125.67762342398056,0.2683656270091887,
CIFAR_10,lightgbm,4,0.8969685493827161,125.11590494398844,0.3018900750030298,
CIFAR_10,catboost,0,0.9089312422839508,2049.7052096299885,0.1031166900065727,
CIFAR_10,catboost,1,0.9111450231481484,2054.0420694740023,0.0970706869848072,
CIFAR_10,catboost,2,0.9094668441358024,2052.2379620809807,0.0939344969810918,
CIFAR_10,catboost,3,0.9099059953703704,2053.605242506019,0.093806624005083,
CIFAR_10,catboost,4,0.9128524537037036,2054.85091403799,0.096056377980858,
CIFAR_10,tabpfn,0,,,,raw failed: Number of features `3072` in the input data is greater than the maximum number of features `2000` officially supported by the TabPFN model. Set `ignore_pretraining_limits=True` to override this error!; fallback failed: Number of features `3072` in the input data is greater than the maximum number of features `2000` officially supported by the TabPFN model. Set `ignore_pretraining_limits=True` to override this error!
CIFAR_10,tabpfn,1,,,,raw failed: Number of features `3072` in the input data is greater than the maximum number of features `2000` officially supported by the TabPFN model. Set `ignore_pretraining_limits=True` to override this error!; fallback failed: Number of features `3072` in the input data is greater than the maximum number of features `2000` officially supported by the TabPFN model. Set `ignore_pretraining_limits=True` to override this error!
CIFAR_10,tabpfn,2,,,,raw failed: Number of features `3072` in the input data is greater than the maximum number of features `2000` officially supported by the TabPFN model. Set `ignore_pretraining_limits=True` to override this error!; fallback failed: Number of features `3072` in the input data is greater than the maximum number of features `2000` officially supported by the TabPFN model. Set `ignore_pretraining_limits=True` to override this error!
CIFAR_10,tabpfn,3,,,,raw failed: Number of features `3072` in the input data is greater than the maximum number of features `2000` officially supported by the TabPFN model. Set `ignore_pretraining_limits=True` to override this error!; fallback failed: Number of features `3072` in the input data is greater than the maximum number of features `2000` officially supported by the TabPFN model. Set `ignore_pretraining_limits=True` to override this error!
CIFAR_10,tabpfn,4,,,,raw failed: Number of features `3072` in the input data is greater than the maximum number of features `2000` officially supported by the TabPFN model. Set `ignore_pretraining_limits=True` to override this error!; fallback failed: Number of features `3072` in the input data is greater than the maximum number of features `2000` officially supported by the TabPFN model. Set `ignore_pretraining_limits=True` to override this error!
CIFAR_10,tabicl,0,,,,"raw failed: CPU memory allocation failed ([enforce fail at alloc_cpu.cpp:127] err == 0. DefaultCPUAllocator: can't allocate memory: you tried to allocate 377978880000 bytes. Error code 12 (Cannot allocate memory)) and disk offload is not available. Please specify disk_offload_dir in the configuration to enable disk offloading, or reduce the output size (estimated: 360469MB).; fallback failed: CPU memory allocation failed ([enforce fail at alloc_cpu.cpp:127] err == 0. DefaultCPUAllocator: can't allocate memory: you tried to allocate 377978880000 bytes. Error code 12 (Cannot allocate memory)) and disk offload is not available. Please specify disk_offload_dir in the configuration to enable disk offloading, or reduce the output size (estimated: 360469MB)."
CIFAR_10,tabicl,1,,,,"raw failed: CPU memory allocation failed ([enforce fail at alloc_cpu.cpp:127] err == 0. DefaultCPUAllocator: can't allocate memory: you tried to allocate 377978880000 bytes. Error code 12 (Cannot allocate memory)) and disk offload is not available. Please specify disk_offload_dir in the configuration to enable disk offloading, or reduce the output size (estimated: 360469MB).; fallback failed: CPU memory allocation failed ([enforce fail at alloc_cpu.cpp:127] err == 0. DefaultCPUAllocator: can't allocate memory: you tried to allocate 377978880000 bytes. Error code 12 (Cannot allocate memory)) and disk offload is not available. Please specify disk_offload_dir in the configuration to enable disk offloading, or reduce the output size (estimated: 360469MB)."
CIFAR_10,tabicl,2,,,,"raw failed: CPU memory allocation failed ([enforce fail at alloc_cpu.cpp:127] err == 0. DefaultCPUAllocator: can't allocate memory: you tried to allocate 377978880000 bytes. Error code 12 (Cannot allocate memory)) and disk offload is not available. Please specify disk_offload_dir in the configuration to enable disk offloading, or reduce the output size (estimated: 360469MB).; fallback failed: CPU memory allocation failed ([enforce fail at alloc_cpu.cpp:127] err == 0. DefaultCPUAllocator: can't allocate memory: you tried to allocate 377978880000 bytes. Error code 12 (Cannot allocate memory)) and disk offload is not available. Please specify disk_offload_dir in the configuration to enable disk offloading, or reduce the output size (estimated: 360469MB)."
CIFAR_10,tabicl,3,,,,"raw failed: CPU memory allocation failed ([enforce fail at alloc_cpu.cpp:127] err == 0. DefaultCPUAllocator: can't allocate memory: you tried to allocate 377978880000 bytes. Error code 12 (Cannot allocate memory)) and disk offload is not available. Please specify disk_offload_dir in the configuration to enable disk offloading, or reduce the output size (estimated: 360469MB).; fallback failed: CPU memory allocation failed ([enforce fail at alloc_cpu.cpp:127] err == 0. DefaultCPUAllocator: can't allocate memory: you tried to allocate 377978880000 bytes. Error code 12 (Cannot allocate memory)) and disk offload is not available. Please specify disk_offload_dir in the configuration to enable disk offloading, or reduce the output size (estimated: 360469MB)."
CIFAR_10,tabicl,4,,,,"raw failed: CPU memory allocation failed ([enforce fail at alloc_cpu.cpp:127] err == 0. DefaultCPUAllocator: can't allocate memory: you tried to allocate 377978880000 bytes. Error code 12 (Cannot allocate memory)) and disk offload is not available. Please specify disk_offload_dir in the configuration to enable disk offloading, or reduce the output size (estimated: 360469MB).; fallback failed: CPU memory allocation failed ([enforce fail at alloc_cpu.cpp:127] err == 0. DefaultCPUAllocator: can't allocate memory: you tried to allocate 377978880000 bytes. Error code 12 (Cannot allocate memory)) and disk offload is not available. Please specify disk_offload_dir in the configuration to enable disk offloading, or reduce the output size (estimated: 360469MB)."
MiceProtein,random_forest,0,1.0,0.1628424681257456,0.0249266710598021,
MiceProtein,random_forest,1,0.9999327956989248,0.1545494310557842,0.0149102618452161,
MiceProtein,random_forest,2,0.999926702241517,0.1603296268731355,0.0146400989033281,
MiceProtein,random_forest,3,0.9999195010209048,0.1615871239919215,0.0250958730466663,
MiceProtein,random_forest,4,1.0,0.1605638670735061,0.0147198990453034,
MiceProtein,xgboost,0,0.9999755046051342,0.9286230860743672,0.0123957488685846,
MiceProtein,xgboost,1,0.9999204841797434,0.6763401261996478,0.0126440711319446,
MiceProtein,xgboost,2,0.999209035798044,0.6765943360514939,0.0123029011301696,
MiceProtein,xgboost,3,0.999846997995146,0.6838980559259653,0.0121840629726648,
MiceProtein,xgboost,4,0.9994204863679176,0.6850503059104085,0.0132921179756522,
MiceProtein,lightgbm,0,1.0,0.9618386968504636,0.0045534060336649,
MiceProtein,lightgbm,1,1.0,0.9494825568981468,0.0043126458767801,
MiceProtein,lightgbm,2,0.9998858988703672,0.9539102651178836,0.0043504119385033,
MiceProtein,lightgbm,3,1.0,0.9475390561856328,0.0048951660282909,
MiceProtein,lightgbm,4,1.0,0.9651044509373604,0.0044633008074015,
MiceProtein,catboost,0,1.0,33.07821866800077,0.0050197120290249,
MiceProtein,catboost,1,1.0,28.812656494090334,0.0045832400210201,
MiceProtein,catboost,2,1.0,28.681977808009837,0.0044029210694134,
MiceProtein,catboost,3,1.0,30.14584315381944,0.0044111830648034,
MiceProtein,catboost,4,1.0,33.0113847150933,0.0046432500239461,
MiceProtein,tabpfn,0,1.0,1.1800110491458329,2.127262406051159,
MiceProtein,tabpfn,1,1.0,0.6468995788600296,0.4965490840841084,
MiceProtein,tabpfn,2,1.0,0.5545042671728879,0.4966610309202224,
MiceProtein,tabpfn,3,1.0,0.563766430830583,0.4985280178952962,
MiceProtein,tabpfn,4,1.0,0.6815849940758198,0.4960720930248499,
MiceProtein,tabicl,0,1.0,0.4771370140369981,0.4205832018051296,
MiceProtein,tabicl,1,1.0,0.4454132081009447,0.1382406819611787,
MiceProtein,tabicl,2,1.0,0.4507108849938959,0.1402159892022609,
MiceProtein,tabicl,3,1.0,0.4080465629231184,0.1383564448915422,
MiceProtein,tabicl,4,1.0,0.4603645221795887,0.1381400011014193,
car,random_forest,0,0.9992555412205986,0.0826902700355276,0.0135595280444249,
car,random_forest,1,0.999751953457236,0.0819731269730255,0.0135093429125845,
car,random_forest,2,0.9990937999955312,0.0821312639163807,0.0135929370298981,
car,random_forest,3,0.9989040222386664,0.0795129539910703,0.0135168129345402,
car,random_forest,4,0.9985395048828444,0.0812412409577518,0.0135541090276092,
car,xgboost,0,0.999987930285328,0.8737030429765582,0.0022695270599797,
car,xgboost,1,0.9998024311313712,0.0489665990462526,0.002038761973381,
car,xgboost,2,0.999975860570656,0.0482891249703243,0.0020033080363646,
car,xgboost,3,0.9994944524064152,0.0478354750666767,0.0019989518914371,
car,xgboost,4,1.0,0.0482713989913463,0.0020118610700592,
car,lightgbm,0,0.9998814393193828,0.0914510450093075,0.0036513659870252,
car,lightgbm,1,0.9999100042811132,0.0901330310152843,0.0034945309162139,
car,lightgbm,2,0.999084296646016,0.0894402549602091,0.0035646259784698,
car,lightgbm,3,0.9996585374785282,0.0883011290570721,0.0035414410522207,
car,lightgbm,4,0.9998109400891794,0.0892692289780825,0.0036796880885958,
car,catboost,0,0.9999637908559842,7.218092850991525,0.002408004947938,
car,catboost,1,0.999579537132164,7.15681328997016,0.0032714669359847,
car,catboost,2,1.0,7.252264642971568,0.0015124640194699,
car,catboost,3,0.999814113237958,7.466288509080186,0.0015072970418259,
car,catboost,4,1.0,7.306144376052543,0.0015776519430801,
car,tabpfn,0,0.9999119881470336,0.6941930610919371,0.9917029690695928,
car,tabpfn,1,1.0,0.391853202949278,0.285197747987695,
car,tabpfn,2,0.999987930285328,0.3357155789854005,0.2850856899749487,
car,tabpfn,3,1.0,0.3377288629999384,0.4214272829703986,
car,tabpfn,4,1.0,0.3446355409687385,0.285910504986532,
car,tabicl,0,0.9998679822205506,0.2124385229544714,0.2300001219846308,
car,tabicl,1,1.0,0.2324068440357223,0.0586618719389662,
car,tabicl,2,0.9998242814944313,0.2313569920370355,0.0588072099490091,
car,tabicl,3,0.999867133367219,0.3220016909763217,0.1158073450205847,
car,tabicl,4,1.0,0.2085935570066794,0.0588048161007463,
Internet-Advertisements,random_forest,0,0.9767672679617638,0.9443339519202708,0.1966700089396909,
Internet-Advertisements,random_forest,1,0.985786694418748,1.021466852980666,0.1984423720277845,
Internet-Advertisements,random_forest,2,0.9882920906567992,0.9277409430360422,0.199761948082596,
Internet-Advertisements,random_forest,3,0.9963189947579402,1.0348328810650855,0.198573317960836,
Internet-Advertisements,random_forest,4,0.982746863066012,0.9033600769471376,0.2000686370301991,
Internet-Advertisements,xgboost,0,0.9597113012642616,1.4887987510301173,0.1207734380150213,
Internet-Advertisements,xgboost,1,0.9816238822078324,0.5348341430071741,0.1192401519510895,
Internet-Advertisements,xgboost,2,0.9807855380820228,0.6164249880239367,0.1188876749947667,
Internet-Advertisements,xgboost,3,0.986422679617638,0.5323047870770097,0.1186725629959255,
Internet-Advertisements,xgboost,4,0.9696243472839218,0.5220923799788579,0.2323080860078334,
Internet-Advertisements,lightgbm,0,0.9572444495837188,0.3100087989587337,0.2272751020500436,
Internet-Advertisements,lightgbm,1,0.9856614246068456,0.3186501830350607,0.2387714718934148,
Internet-Advertisements,lightgbm,2,0.9846785383903792,0.3119374649832025,0.2285906720208004,
Internet-Advertisements,lightgbm,3,0.9891786154794944,0.3184289130149409,0.2264685749541968,
Internet-Advertisements,lightgbm,4,0.9736185800015588,0.3123048150446266,0.2315387950511649,
Internet-Advertisements,catboost,0,0.947386679000925,2.334212798043154,0.0742775580147281,
Internet-Advertisements,catboost,1,0.9836089269195192,2.3076594590675086,0.0719650560058653,
Internet-Advertisements,catboost,2,0.9837341967314216,5.888185026007704,0.0734011150198057,
Internet-Advertisements,catboost,3,0.9905565834104224,5.984611920081079,0.1796174129704013,
Internet-Advertisements,catboost,4,0.9644221027199752,5.778485524002463,0.1773067829199135,
Internet-Advertisements,tabpfn,0,0.9793786617329634,3.963880488066934,3.601682226988487,
Internet-Advertisements,tabpfn,1,0.9895062442183165,3.7286973079899326,2.495873720967211,
Internet-Advertisements,tabpfn,2,0.988359543632439,3.653577990015037,2.4802448850823566,
Internet-Advertisements,tabpfn,3,0.9960299105766266,3.6865396719658743,2.492789653944783,
Internet-Advertisements,tabpfn,4,0.9804282596835788,3.686829574988224,2.7096919090254232,
Internet-Advertisements,tabicl,0,0.9745509559050264,4.724580334033817,4.110829569050111,
Internet-Advertisements,tabicl,1,0.9879066450817144,4.731712169013917,4.049245802918449,
Internet-Advertisements,tabicl,2,0.9834643848288622,4.743515679030679,4.0656877350993454,
Internet-Advertisements,tabicl,3,0.9949506629663892,4.737912100972608,4.064472434925847,
Internet-Advertisements,tabicl,4,0.9776225547502142,4.6870132689364254,4.159612372983247,
mfeat-pixel,random_forest,0,0.9984756944444444,0.1865473850630223,0.0268303470220416,
mfeat-pixel,random_forest,1,0.9984201388888888,0.1862363500986248,0.0292289869394153,
mfeat-pixel,random_forest,2,0.9984826388888888,0.1831291939597576,0.0160613670013844,
mfeat-pixel,random_forest,3,0.9989340277777776,0.1787019979674369,0.0259682009927928,
mfeat-pixel,random_forest,4,0.9995416666666668,0.1816700159106403,0.0157508340198546,
mfeat-pixel,xgboost,0,0.9981527777777778,0.6867328360676765,0.1701262909919023,
mfeat-pixel,xgboost,1,0.9991180555555556,0.4793842597864568,0.0322767649777233,
mfeat-pixel,xgboost,2,0.9985416666666664,0.4738703218754381,0.0320117389783263,
mfeat-pixel,xgboost,3,0.9986805555555556,0.4696463181171566,0.0319329220801591,
mfeat-pixel,xgboost,4,0.9993680555555556,0.4807255109772086,0.032077396987006,
mfeat-pixel,lightgbm,0,0.9984375,0.989411375951022,0.0107163609936833,
mfeat-pixel,lightgbm,1,0.9994583333333332,0.9857497129123658,0.0088745628017932,
mfeat-pixel,lightgbm,2,0.9985833333333332,0.994567320914939,0.008855554042384,
mfeat-pixel,lightgbm,3,0.9985347222222224,0.981872697127983,0.0087053698953241,
mfeat-pixel,lightgbm,4,0.9993819444444444,0.9872616489883512,0.0088969168718904,
mfeat-pixel,catboost,0,0.9997083333333334,15.26730317506008,0.0112815450411289,
mfeat-pixel,catboost,1,0.9994444444444446,14.781157986959442,0.0099561181850731,
mfeat-pixel,catboost,2,0.9988125,11.23807568079792,0.0095734761562198,
mfeat-pixel,catboost,3,0.9992083333333334,11.249911102000624,0.0088162561878561,
mfeat-pixel,catboost,4,0.9998055555555556,11.243371843826026,0.0091300241183489,
mfeat-pixel,tabpfn,0,0.9998194444444444,1.252518717898056,1.840159903978929,
mfeat-pixel,tabpfn,1,0.9996458333333336,0.7119094848167151,0.6770940320566297,
mfeat-pixel,tabpfn,2,0.9991111111111112,0.6078416099771857,0.6766879158094525,
mfeat-pixel,tabpfn,3,0.999597222222222,0.6080093909986317,0.6764720729552209,
mfeat-pixel,tabpfn,4,0.9999652777777778,0.7442622631788254,0.6757888239808381,
mfeat-pixel,tabicl,0,0.9999027777777776,0.711790488101542,0.7389502269215882,
mfeat-pixel,tabicl,1,0.9998680555555556,0.7335336229298264,0.5074301909189671,
mfeat-pixel,tabicl,2,0.999388888888889,0.7418510760180652,0.5071200288366526,
mfeat-pixel,tabicl,3,0.9998125,0.7396585238166153,0.5075212169904262,
mfeat-pixel,tabicl,4,0.9999791666666666,0.7242064049933106,0.5078451000154018,
steel-plates-fault,random_forest,0,0.9609454585510664,0.1688751329202205,0.0248073181137442,
steel-plates-fault,random_forest,1,0.94883762115408,0.1637547728605568,0.0249314340762794,
steel-plates-fault,random_forest,2,0.966669696769592,0.1609876041766256,0.0248404280282557,
steel-plates-fault,random_forest,3,0.9651797107662476,0.1658479161560535,0.0145992960315197,
steel-plates-fault,random_forest,4,0.95876336940952,0.1733162000309676,0.0251547370571643,
steel-plates-fault,xgboost,0,0.965919944681918,0.6359389489516616,0.0071458229795098,
steel-plates-fault,xgboost,1,0.957816798713038,0.4251634490210563,0.0081213591620326,
steel-plates-fault,xgboost,2,0.9695326033536968,0.41633822908625,0.0069702910259366,
steel-plates-fault,xgboost,3,0.9722645054609396,0.4163593619596213,0.0070325441192835,
steel-plates-fault,xgboost,4,0.961326583795998,0.4127395800314843,0.0069833609741181,
steel-plates-fault,lightgbm,0,0.9688424078401948,0.5474581529852003,0.0058063941542059,
steel-plates-fault,lightgbm,1,0.9606248902783208,0.515607314184308,0.0057356990873813,
steel-plates-fault,lightgbm,2,0.9708800967245312,0.5159497549757361,0.0076101559679955,
steel-plates-fault,lightgbm,3,0.9738311102021424,0.514975770842284,0.0057721938937902,
steel-plates-fault,lightgbm,4,0.9635134151536288,0.5081266909837723,0.0056680580601096,
steel-plates-fault,catboost,0,0.9706902487438348,7.557543255155906,0.0033709697891026,
steel-plates-fault,catboost,1,0.9588897278420212,7.941749335965142,0.0032684670295566,
steel-plates-fault,catboost,2,0.9679227972179832,11.690415963996202,0.003977064974606,
steel-plates-fault,catboost,3,0.9705175013494312,11.666754665086046,0.0050335510168224,
steel-plates-fault,catboost,4,0.9633792714339778,11.564320147968829,0.0046251621097326,
steel-plates-fault,tabpfn,0,0.9764784387184234,1.03270968911238,1.6879127039574089,
steel-plates-fault,tabpfn,1,0.9692174607633492,0.6495981910265982,0.7254518331028521,
steel-plates-fault,tabpfn,2,0.97912172527468,0.5583279230631888,0.4906904110684991,
steel-plates-fault,tabpfn,3,0.9810967535493296,0.5523969328496605,0.4957741471007466,
steel-plates-fault,tabpfn,4,0.9732538066772696,0.5519711680244654,0.4911521910689771,
steel-plates-fault,tabicl,0,0.9790289433923725,0.3737312899902463,0.3988573940005153,
steel-plates-fault,tabicl,1,0.9708233717467988,0.3976041940040886,0.2110344259999692,
steel-plates-fault,tabicl,2,0.9776450792804704,0.532013185089454,0.1196012250147759,
steel-plates-fault,tabicl,3,0.98009838366871,0.3986063590273261,0.1197676928713917,
steel-plates-fault,tabicl,4,0.973393274599578,0.3970260708592832,0.1202978640794754,
wilt,random_forest,0,0.9825239715434582,0.1126294769346714,0.0128196600126102,
wilt,random_forest,1,0.9799924420557607,0.109185131965205,0.0127979670651257,
wilt,random_forest,2,0.9919696842458852,0.1088429589290171,0.0128028849139809,
wilt,random_forest,3,0.9937961874370173,0.110379428952001,0.0128544019535183,
wilt,random_forest,4,0.9947772173182008,0.0988092799670994,0.0127051390009,
wilt,xgboost,0,0.9821631095989276,0.876303544966504,0.001863749930635,
wilt,xgboost,1,0.9828266711454484,0.0275590029777959,0.0017042719991877,
wilt,xgboost,2,0.9852830030231776,0.0275421380065381,0.0016862039919942,
wilt,xgboost,3,0.9933448102116224,0.0271540370304137,0.0017985920421779,
wilt,xgboost,4,0.9967423287095416,0.027624873095192,0.0017144359881058,
wilt,lightgbm,0,0.988720486648108,0.0352430660277605,0.0014583530137315,
wilt,lightgbm,1,0.9779874874034262,0.0331233830656856,0.0013963710516691,
wilt,lightgbm,2,0.9778720188108836,0.0335442329524084,0.0013677380047738,
wilt,lightgbm,3,0.9922111185757476,0.0332242340082302,0.001373094972223,
wilt,lightgbm,4,0.9970575872215216,0.0335271870717406,0.001392213976942,
wilt,catboost,0,0.9940612434271576,4.614037669962272,0.0024847480235621,
wilt,catboost,1,0.9801603963721868,5.030316921998747,0.0014916920335963,
wilt,catboost,2,0.9914133355727244,4.839734185021371,0.0014005159027874,
wilt,catboost,3,0.9937856902922404,4.599598338943906,0.0015116620343178,
wilt,catboost,4,0.9972467423287096,4.9165266619529575,0.0016061930218711,
wilt,tabpfn,0,0.9973811733168368,0.6952798680868,1.4435688849771395,
wilt,tabpfn,1,0.985136042996305,0.392789487959817,0.4010836690431461,
wilt,tabpfn,2,0.9965779308028216,0.3822622949955985,0.3998560520121827,
wilt,tabpfn,3,0.9975016795431644,0.3821545940591022,0.4009278059238568,
wilt,tabpfn,4,0.998150483396385,0.3310902049997821,0.6582284959731624,
wilt,tabicl,0,0.9972780699041138,0.221248343004845,0.2592164969537407,
wilt,tabicl,1,0.9895448438024858,0.2273262380622327,0.095014484017156,
wilt,tabicl,2,0.9961370507222036,0.320125977974385,0.0945824179798364,
wilt,tabicl,3,0.9976696338595904,0.2104516080580651,0.0944931640988215,
wilt,tabicl,4,0.9980243799915932,0.2097249110229313,0.1665553039638325,
segment,random_forest,0,0.9942361930998296,0.1032326419372111,0.0128950149519369,
segment,random_forest,1,0.996788775197866,0.0917606650618836,0.0128604340134188,
segment,random_forest,2,0.9956108706108704,0.0906897030072286,0.0128735830076038,
segment,random_forest,3,0.9952583191219556,0.0945205059833824,0.012871099053882,
segment,random_forest,4,0.9966002011456556,0.0911164510762319,0.0128676639869809,
segment,xgboost,0,0.993216800034982,0.9561270750127732,0.0036170419771224,
segment,xgboost,1,0.9962066552975644,0.1362150439526885,0.0034947890089824,
segment,xgboost,2,0.9931293454020726,0.1368160239653661,0.0034412089735269,
segment,xgboost,3,0.9953539726267,0.1344256369629874,0.0034556200262159,
segment,xgboost,4,0.9955835410380864,0.1350123649463057,0.0034921660553663,
segment,lightgbm,0,0.9926264812628448,0.2918261719169095,0.0037506220396608,
segment,lightgbm,1,0.9971905199177928,0.2398918409598991,0.0035489610163494,
segment,lightgbm,2,0.9951244042153132,0.2510306480107829,0.003654567990452,
segment,lightgbm,3,0.995977086886178,0.2502273669233545,0.0036167420912534,
segment,lightgbm,4,0.9963870304779396,0.2558000349672511,0.0045415760250762,
segment,catboost,0,0.9934463684463684,6.576641033985652,0.001863879035227,
segment,catboost,1,0.9969828151646334,2.9774341139709577,0.0021918700076639,
segment,catboost,2,0.9962667803576892,2.9047136700246483,0.0024130010278895,
segment,catboost,3,0.995501552319734,5.943324996042065,0.0021166480146348,
segment,catboost,4,0.9973271677817132,6.512840396026149,0.0045193919213488,
segment,tabpfn,0,0.9970812016266564,0.6890583380591124,1.4139301049290225,
segment,tabpfn,1,0.9977207136298044,0.3937270110473037,0.4302379939472303,
segment,tabpfn,2,0.9980377366741005,0.3874628969933837,0.4274308130843565,
segment,tabpfn,3,0.9971905199177928,0.36461315699853,0.4280979019822553,
segment,tabpfn,4,0.9982727710000436,0.3668566030682996,0.4278686390025541,
segment,tabicl,0,0.9971522585158948,0.2589154959423467,0.2429090450750664,
segment,tabicl,1,0.9979666797848616,0.2369371399981901,0.0858125250088051,
segment,tabicl,2,0.9978846910665092,0.333500490989536,0.075352101936005,
segment,tabicl,3,0.9975020770475316,0.237529746023938,0.0754859029548242,
segment,tabicl,4,0.9984422143513052,0.2372741040308028,0.0750981030287221,
climate-model-simulation-crashes,random_forest,0,0.973469387755102,0.1258267150260508,0.0143999578431248,
climate-model-simulation-crashes,random_forest,1,0.8916947250280585,0.1244367710314691,0.0143169439397752,
climate-model-simulation-crashes,random_forest,2,0.9320987654320988,0.1247725209686905,0.0143961319699883,
climate-model-simulation-crashes,random_forest,3,0.840628507295174,0.1231733348686248,0.014253970934078,
climate-model-simulation-crashes,random_forest,4,0.872053872053872,0.1265273608732968,0.0168451368808746,
climate-model-simulation-crashes,xgboost,0,0.9612244897959183,0.257100777933374,0.0045649320818483,
climate-model-simulation-crashes,xgboost,1,0.9551066217732884,0.0398695250041782,0.0044238010887056,
climate-model-simulation-crashes,xgboost,2,0.9887766554433222,0.0414048759266734,0.0044710419606417,
climate-model-simulation-crashes,xgboost,3,0.9079685746352414,0.0382015269715338,0.0044220481067895,
climate-model-simulation-crashes,xgboost,4,0.8843995510662177,0.0387270099017769,0.0043978129979223,
climate-model-simulation-crashes,lightgbm,0,0.956122448979592,0.0422285960521549,0.0017369319684803,
climate-model-simulation-crashes,lightgbm,1,0.9461279461279462,0.0403432520106434,0.0014985359739512,
climate-model-simulation-crashes,lightgbm,2,0.9865319865319864,0.0414889920502901,0.0015195570886135,
climate-model-simulation-crashes,lightgbm,3,0.8552188552188552,0.0384123709518462,0.0014836639165878,
climate-model-simulation-crashes,lightgbm,4,0.9405162738496072,0.0404923851601779,0.0015576549340039,
climate-model-simulation-crashes,catboost,0,0.9785714285714284,5.649582345969975,0.0021127332001924,
climate-model-simulation-crashes,catboost,1,0.9618406285072952,5.256468572188169,0.0024875218514353,
climate-model-simulation-crashes,catboost,2,0.9977553310886644,5.2651137029752135,0.0019964890088886,
climate-model-simulation-crashes,catboost,3,0.9023569023569024,5.333751627011225,0.0015479300636798,
climate-model-simulation-crashes,catboost,4,0.9225589225589226,1.3979408238083124,0.0017407981213182,
climate-model-simulation-crashes,tabpfn,0,0.9897959183673468,1.0110571479890496,1.6142637110315263,
climate-model-simulation-crashes,tabpfn,1,0.9685746352413018,0.6262865148019046,0.4521754370070994,
climate-model-simulation-crashes,tabpfn,2,0.9887766554433222,0.5353747319895774,0.4508295890409499,
climate-model-simulation-crashes,tabpfn,3,0.867564534231201,0.5348638989962637,0.4549918409902602,
climate-model-simulation-crashes,tabpfn,4,0.9539842873176206,0.5352898449636996,0.4521796640474349,
climate-model-simulation-crashes,tabicl,0,0.9918367346938776,0.3514414879027754,0.1050506911706179,
climate-model-simulation-crashes,tabicl,1,0.9741863075196407,0.3711485648527741,0.0718841690104454,
climate-model-simulation-crashes,tabicl,2,0.9809203142536476,0.3714324801694602,0.0689792251214385,
climate-model-simulation-crashes,tabicl,3,0.8911335578002244,0.3700685738585889,0.0691511498298496,
climate-model-simulation-crashes,tabicl,4,0.9719416386083052,0.3689180470537394,0.0690246119629591,
Fashion-MNIST,random_forest,0,0.9903297505668934,14.57644568104297,0.136009827023372,
Fashion-MNIST,random_forest,1,0.9905955980725624,14.53857168799732,0.128291588043794,
Fashion-MNIST,random_forest,2,0.9908411224489796,14.52555199607741,0.1205864390358328,
Fashion-MNIST,random_forest,3,0.9904928826530612,14.512199345976114,0.1207498530857265,
Fashion-MNIST,random_forest,4,0.9909048979591836,14.50641050399281,0.1201766849262639,
Fashion-MNIST,xgboost,0,0.9934103968253968,79.6836103949463,0.1212995559908449,
Fashion-MNIST,xgboost,1,0.9937249886621315,79.48767236398999,0.1224847199628129,
Fashion-MNIST,xgboost,2,0.9934478373015876,79.91285925998818,0.1230995090445503,
Fashion-MNIST,xgboost,3,0.9934773894557823,78.57758398994338,0.1211226810701191,
Fashion-MNIST,xgboost,4,0.993566128117914,78.98495150008239,0.120544641977176,
Fashion-MNIST,lightgbm,0,0.9933584353741496,28.924518293933943,0.1566178889479488,
Fashion-MNIST,lightgbm,1,0.993572409297052,28.84929794003256,0.1491095350356772,
Fashion-MNIST,lightgbm,2,0.9932910827664396,29.5273192320019,0.1353229649830609,
Fashion-MNIST,lightgbm,3,0.993469433106576,29.177905930089764,0.1344347159611061,
Fashion-MNIST,lightgbm,4,0.993479053287982,29.522160523105413,0.1349979389924556,
Fashion-MNIST,catboost,0,0.99306981292517,679.3308401319664,0.0420286930166184,
Fashion-MNIST,catboost,1,0.9932891383219952,680.5434601989109,0.0397127770120278,
Fashion-MNIST,catboost,2,0.9930796938775512,682.4664483839879,0.0390594350174069,
Fashion-MNIST,catboost,3,0.993044977324263,685.8598926480627,0.0384671129286289,
Fashion-MNIST,catboost,4,0.993228259637188,687.5928357719677,0.0409223369788378,
Fashion-MNIST,tabpfn,0,0.9940706859410432,2.467287023901008,17.833154379040934,
Fashion-MNIST,tabpfn,1,0.9942831462585032,2.266599252005108,16.89114637498278,
Fashion-MNIST,tabpfn,2,0.9943156575963716,2.235502684023232,16.820744362077676,
Fashion-MNIST,tabpfn,3,0.9943741609977323,2.342518715071492,16.793839227990247,
Fashion-MNIST,tabpfn,4,0.9943834041950116,2.232624214957468,16.795993061969057,
Fashion-MNIST,tabicl,0,0.9950947562358275,22.473278905963525,59.82520560291596,
Fashion-MNIST,tabicl,1,0.9952551757369614,21.65527832508087,51.32072061486542,
Fashion-MNIST,tabicl,2,0.9950840873015874,21.853220670949668,51.38763949205168,
Fashion-MNIST,tabicl,3,0.9950982142857144,21.685254010837525,51.03765611699782,
Fashion-MNIST,tabicl,4,0.9950614512471656,21.4579932319466,50.291809025919065,
jungle_chess_2pcs_raw_endgame_complete,random_forest,0,0.9391490347022414,0.4262260249815881,0.0353863548953086,
jungle_chess_2pcs_raw_endgame_complete,random_forest,1,0.936013045805528,0.5010430400725454,0.0352876181714236,
jungle_chess_2pcs_raw_endgame_complete,random_forest,2,0.9378025037946705,0.4893785030581057,0.035417390987277,
jungle_chess_2pcs_raw_endgame_complete,random_forest,3,0.9393821715459876,0.4478126170579344,0.0361987981013953,
jungle_chess_2pcs_raw_endgame_complete,random_forest,4,0.9392280670721346,0.4980884208343923,0.0352373728528618,
jungle_chess_2pcs_raw_endgame_complete,xgboost,0,0.9780357059618692,0.4952801500912756,0.0146580231375992,
jungle_chess_2pcs_raw_endgame_complete,xgboost,1,0.9769289445162942,0.2853558519855141,0.0159472681116312,
jungle_chess_2pcs_raw_endgame_complete,xgboost,2,0.977489365763094,0.277298228116706,0.0145622708369046,
jungle_chess_2pcs_raw_endgame_complete,xgboost,3,0.978267299843119,0.2783913589082658,0.0144524669740349,
jungle_chess_2pcs_raw_endgame_complete,xgboost,4,0.9780613869115854,0.2782806828618049,0.0149034890346229,
jungle_chess_2pcs_raw_endgame_complete,lightgbm,0,0.9761207477170184,0.287674822146073,0.0204122210852801,
jungle_chess_2pcs_raw_endgame_complete,lightgbm,1,0.9734472780708838,0.2925608840305358,0.0200642407871782,
jungle_chess_2pcs_raw_endgame_complete,lightgbm,2,0.9737752699049422,0.2940581568982452,0.0206288730259984,
jungle_chess_2pcs_raw_endgame_complete,lightgbm,3,0.9754523247790508,0.2964378490578383,0.0218531698919832,
jungle_chess_2pcs_raw_endgame_complete,lightgbm,4,0.9747274626461048,0.2928942309226841,0.0205190998967736,
jungle_chess_2pcs_raw_endgame_complete,catboost,0,0.9758953019297062,3.76711023109965,0.0099992910400033,
jungle_chess_2pcs_raw_endgame_complete,catboost,1,0.9742798712151256,3.8084211370442063,0.0138032680843025,
jungle_chess_2pcs_raw_endgame_complete,catboost,2,0.9750464968050468,3.7046095540281385,0.009008492808789,
jungle_chess_2pcs_raw_endgame_complete,catboost,3,0.975861402701799,3.708546839887276,0.0092413199599832,
jungle_chess_2pcs_raw_endgame_complete,catboost,4,0.9762162262199524,3.756385035812855,0.0088933410588651,
jungle_chess_2pcs_raw_endgame_complete,tabpfn,0,0.9983502523635304,1.055396171985194,5.957897087093443,
jungle_chess_2pcs_raw_endgame_complete,tabpfn,1,0.9976194676808342,0.6728789319749922,4.428240912035108,
jungle_chess_2pcs_raw_endgame_complete,tabpfn,2,0.9980819793646308,0.6743654501624405,4.424742951057851,
jungle_chess_2pcs_raw_endgame_complete,tabpfn,3,0.9978261009965536,0.6687323241494596,4.429190517868847,
jungle_chess_2pcs_raw_endgame_complete,tabpfn,4,0.9975033275278504,0.6281015919521451,4.683035007910803,
jungle_chess_2pcs_raw_endgame_complete,tabicl,0,0.9873368011060254,0.4101368859410286,2.238718783017248,
jungle_chess_2pcs_raw_endgame_complete,tabicl,1,0.9857876166344384,0.4404030099976808,1.918239357881248,
jungle_chess_2pcs_raw_endgame_complete,tabicl,2,0.9859243113737378,0.6010966650210321,1.9237929650116712,
jungle_chess_2pcs_raw_endgame_complete,tabicl,3,0.9866354425343496,0.4395653798710555,1.920691697858274,
jungle_chess_2pcs_raw_endgame_complete,tabicl,4,0.9868145252480328,0.4517255269456655,2.003618163987994,
Bioresponse,random_forest,0,0.8921025941374778,0.7852631339337677,0.0235968179767951,
Bioresponse,random_forest,1,0.8602660439395134,0.7786954309558496,0.0232861730037257,
Bioresponse,random_forest,2,0.8659142842816312,0.7587880470091477,0.0232753360178321,
Bioresponse,random_forest,3,0.8595855330549208,0.7654807170620188,0.0231880850624293,
Bioresponse,random_forest,4,0.8751503608660786,0.7747280410258099,0.0223993849940598,
Bioresponse,xgboost,0,0.8839566310496544,1.895666421041824,0.1338688370306044,
Bioresponse,xgboost,1,0.8573219389545921,1.180356165044941,0.1316385489189997,
Bioresponse,xgboost,2,0.8682423478341845,1.144767243997194,0.1329668581020087,
Bioresponse,xgboost,3,0.8624580053151483,1.040783477947116,0.2370136580429971,
Bioresponse,xgboost,4,0.865563065643258,1.0751311810454354,0.1323136300779879,
Bioresponse,lightgbm,0,0.8924918576081367,0.5238264619838446,0.0161040200619027,
Bioresponse,lightgbm,1,0.8611686162706571,0.511984282056801,0.0149438630323857,
Bioresponse,lightgbm,2,0.8672932142319897,0.5315826430451125,0.0165973780676722,
Bioresponse,lightgbm,3,0.8709679730087894,0.5227097689639777,0.0142947810236364,
Bioresponse,lightgbm,4,0.8805776721273915,0.5253702730406076,0.0156700299121439,
Bioresponse,catboost,0,0.8887063596365923,14.357809568056837,0.137111502001062,
Bioresponse,catboost,1,0.8616055758912902,15.171695914003068,0.0303570280084386,
Bioresponse,catboost,2,0.873303199833812,14.495763591025025,0.1185365830315277,
Bioresponse,catboost,3,0.8631098631098632,14.932048912975006,0.0299967179307714,
Bioresponse,catboost,4,0.872966548287318,14.578969680937009,0.0299888070439919,
Bioresponse,tabpfn,0,0.8970273127249871,2.8351807369617745,3.992599832010456,
Bioresponse,tabpfn,1,0.864341945974599,2.5282633039169014,2.9374835960334167,
Bioresponse,tabpfn,2,0.8716341573484431,2.5180823520058766,2.657949710963294,
Bioresponse,tabpfn,3,0.8674794593161941,2.5107577570015565,2.8552735169650987,
Bioresponse,tabpfn,4,0.881386756787719,2.523278621956706,2.665496719069779,
Bioresponse,tabicl,0,0.8847672990114851,4.3156187910353765,5.750044888001867,
Bioresponse,tabicl,1,0.8439982521615175,4.272331093088724,5.138361906050704,
Bioresponse,tabicl,2,0.8496178394137578,4.314685633056797,5.014520489959978,
Bioresponse,tabicl,3,0.8440842114311502,4.383651452953927,5.349150751950219,
Bioresponse,tabicl,4,0.8643637587352503,4.25602405006066,5.016294847009704,
spambase,random_forest,0,0.9842511132833712,0.1566716060042381,0.0137804200639948,
spambase,random_forest,1,0.9929002774604212,0.1487582710105925,0.0137234049616381,
spambase,random_forest,2,0.9852021108753604,0.1507702210219577,0.0135111180134117,
spambase,random_forest,3,0.9855516940929524,0.1493739889701828,0.0137105360627174,
spambase,random_forest,4,0.9818511257648668,0.1490783379413187,0.0138671490130946,
spambase,xgboost,0,0.987010871175094,0.3070158009650185,0.0073677219916135,
spambase,xgboost,1,0.9914091131652744,0.1048869619844481,0.0072319189785048,
spambase,xgboost,2,0.9834512911059344,0.1052770329406485,0.0080015660496428,
spambase,xgboost,3,0.9886977959959604,0.1004548260243609,0.0072499960660934,
spambase,xgboost,4,0.9852076278738192,0.0988080219831317,0.0072437770431861,
spambase,lightgbm,0,0.987850153539303,0.0961963690351694,0.0024615289876237,
spambase,lightgbm,1,0.9934665736852776,0.0945957240182906,0.0022896119626238,
spambase,lightgbm,2,0.9840002769658392,0.0946761830709874,0.0022968129487708,
spambase,lightgbm,3,0.9891235470009306,0.0950352579820901,0.0023196080001071,
spambase,lightgbm,4,0.9864254737717578,0.0948705628979951,0.0023211700608953,
spambase,catboost,0,0.9882401729909062,2.0429717309307307,0.0029216350521892,
spambase,catboost,1,0.9930362874707578,2.011938986950554,0.0030819639796391,
spambase,catboost,2,0.9854642392589186,2.0123083780054003,0.0024233920266851,
spambase,catboost,3,0.9892968177587677,2.0047968830913305,0.0031839050352573,
spambase,catboost,4,0.9853363432939266,2.0097851869650185,0.0030318689532577,
spambase,tabpfn,0,0.992525450003456,0.7893441430060193,2.0478798770345747,
spambase,tabpfn,1,0.9920669070334486,0.480199258076027,1.1123530119657516,
spambase,tabpfn,2,0.9885850507688274,0.4223116569919511,0.8582222749246284,
spambase,tabpfn,3,0.9902473316303292,0.4178873930359259,0.8586841330397874,
spambase,tabpfn,4,0.9922919265728036,0.4168202329892665,0.8550304159289226,
spambase,tabicl,0,0.9929352172753932,0.3613198300590738,0.501725121983327,
spambase,tabicl,1,0.9945398163122988,0.3820612349081784,0.3771469310158863,
spambase,tabicl,2,0.9890969429895494,0.3757315609836951,0.3103863750584423,
spambase,tabicl,3,0.991861224974752,0.3580905669368803,0.3091380950063467,
spambase,tabicl,4,0.9916186459137803,0.35742144996766,0.3089841150213033,
PhishingWebsites,random_forest,0,0.9954487806495466,0.1788285579532385,0.0229837549850344,
PhishingWebsites,random_forest,1,0.9970469503804772,0.1697739750379696,0.0229776960331946,
PhishingWebsites,random_forest,2,0.99624123410534,0.1689897360047325,0.0230867790523916,
PhishingWebsites,random_forest,3,0.9956994614170304,0.1697444210294634,0.0229290750576183,
PhishingWebsites,random_forest,4,0.9936623641935184,0.1693880500970408,0.0229084640741348,
PhishingWebsites,xgboost,0,0.9959962864105836,0.2808342200005427,0.0068250889889895,
PhishingWebsites,xgboost,1,0.9972587410268736,0.0721773790428415,0.0055560959735885,
PhishingWebsites,xgboost,2,0.996196886553159,0.0722675339784473,0.0055584190413355,
PhishingWebsites,xgboost,3,0.9966118853057054,0.0715639939298853,0.0056351739913225,
PhishingWebsites,xgboost,4,0.996159197033814,0.0681090609868988,0.0055693159811198,
PhishingWebsites,lightgbm,0,0.995901788822759,0.1016066659940406,0.0073407170129939,
PhishingWebsites,lightgbm,1,0.996756826207331,0.0976731700357049,0.0069830639986321,
PhishingWebsites,lightgbm,2,0.9953472371889456,0.098140446934849,0.0069778760662302,
PhishingWebsites,lightgbm,3,0.9955829729514613,0.0961905099684372,0.1167282878886908,
PhishingWebsites,lightgbm,4,0.9948674601700648,0.0987363370368257,0.0069205310428515,
PhishingWebsites,catboost,0,0.9950297584509028,5.394567374954931,0.0078314889688044,
PhishingWebsites,catboost,1,0.996129743530231,5.391523816040717,0.0069733300479128,
PhishingWebsites,catboost,2,0.9958918417082512,5.3587578010046855,0.0065243890276178,
PhishingWebsites,catboost,3,0.9956575918973772,5.413617684971541,0.006635305006057,
PhishingWebsites,catboost,4,0.9943675132324264,5.3511808719486,0.006940028979443,
PhishingWebsites,tabpfn,0,0.997838989373166,0.9999400870874524,2.2034942660247907,
PhishingWebsites,tabpfn,1,0.9986820073277076,0.6900310179917142,1.0356131170410665,
PhishingWebsites,tabpfn,2,0.9983786203352178,0.6431277910014614,1.0366966120200232,
PhishingWebsites,tabpfn,3,0.998207072549514,0.6423530750907958,1.0367010190384462,
PhishingWebsites,tabpfn,4,0.9979260078532296,0.6355445020599291,1.038369306945242,
PhishingWebsites,tabicl,0,0.997993169648038,0.3790644709952175,0.6666353980544955,
PhishingWebsites,tabicl,1,0.9986550672259156,0.3943355149822309,0.5063550899503753,
PhishingWebsites,tabicl,2,0.998440789800892,0.3933427250012755,0.5085729380371049,
PhishingWebsites,tabicl,3,0.998173079474152,0.3959253259235993,0.5081394920125604,
PhishingWebsites,tabicl,4,0.9979177168592388,0.391544101992622,0.5084612519713119,
GesturePhaseSegmentationProcessed,random_forest,0,0.8889420020203666,0.4670224189758301,0.0133594099897891,
GesturePhaseSegmentationProcessed,random_forest,1,0.8950607993504297,0.4633441520854831,0.0132168270647525,
GesturePhaseSegmentationProcessed,random_forest,2,0.8875254254950538,0.4651688239537179,0.0133234660606831,
GesturePhaseSegmentationProcessed,random_forest,3,0.8947495882406663,0.4616598400752991,0.0131634870776906,
GesturePhaseSegmentationProcessed,random_forest,4,0.8941791045189385,0.4747531230095774,0.0132741029374301,
GesturePhaseSegmentationProcessed,xgboost,0,0.8902802157901253,1.4742480559507385,0.007553618052043,
GesturePhaseSegmentationProcessed,xgboost,1,0.8957928055531659,0.6328194160014391,0.007384916068986,
GesturePhaseSegmentationProcessed,xgboost,2,0.8899552177002459,0.6286997490096837,0.007363504031673,
GesturePhaseSegmentationProcessed,xgboost,3,0.8934984327134352,0.6310317110037431,0.0081355599686503,
GesturePhaseSegmentationProcessed,xgboost,4,0.8938637501346864,0.6359333680011332,0.0074083509389311,
GesturePhaseSegmentationProcessed,lightgbm,0,0.886152730717142,0.3537324300268665,0.0081117340596392,
GesturePhaseSegmentationProcessed,lightgbm,1,0.8891918003942368,0.350179631030187,0.0080985150998458,
GesturePhaseSegmentationProcessed,lightgbm,2,0.885201415690396,0.366771921981126,0.0080429209629073,
GesturePhaseSegmentationProcessed,lightgbm,3,0.8921506233271067,0.3619918149197474,0.00819262501318,
GesturePhaseSegmentationProcessed,lightgbm,4,0.8936051759776589,0.3644578669918701,0.0090973599581047,
GesturePhaseSegmentationProcessed,catboost,0,0.8932240059261307,8.61381318490021,0.0032112980261445,
GesturePhaseSegmentationProcessed,catboost,1,0.8977426417083535,5.012348899035715,0.0031809729989618,
GesturePhaseSegmentationProcessed,catboost,2,0.8937323809824191,6.349341540946625,0.0033172849798575,
GesturePhaseSegmentationProcessed,catboost,3,0.9007343137772856,8.939374295063317,0.0027112080715596,
GesturePhaseSegmentationProcessed,catboost,4,0.9046632826303536,8.793165600975044,0.002779358997941,
GesturePhaseSegmentationProcessed,tabpfn,0,0.9604353676662708,0.6900095249293372,1.7047331429785118,
GesturePhaseSegmentationProcessed,tabpfn,1,0.956995732496726,0.4038074290147051,0.757480724947527,
GesturePhaseSegmentationProcessed,tabpfn,2,0.9587006932410234,0.3637455600546673,0.7565693210344762,
GesturePhaseSegmentationProcessed,tabpfn,3,0.966272088907028,0.3626609470229596,0.9329041130840778,
GesturePhaseSegmentationProcessed,tabpfn,4,0.9594340660683658,0.348709606914781,0.7566576539538801,
GesturePhaseSegmentationProcessed,tabicl,0,0.9638753520408316,0.3839632190065458,0.4715455890400335,
GesturePhaseSegmentationProcessed,tabicl,1,0.9616374152861248,0.2953279629582539,0.3301809260156005,
GesturePhaseSegmentationProcessed,tabicl,2,0.960417694324058,0.2961524080019444,0.331125809927471,
GesturePhaseSegmentationProcessed,tabicl,3,0.9681814128736064,0.301142405020073,0.3846545750275254,
GesturePhaseSegmentationProcessed,tabicl,4,0.9610106097194344,0.2809450570493936,0.331052070017904,
analcatdata_authorship,random_forest,0,1.0,0.1078816459048539,0.0139444849919527,
analcatdata_authorship,random_forest,1,0.9998276942999952,0.10462379490491,0.0138272400945425,
analcatdata_authorship,random_forest,2,1.0,0.1057798600522801,0.0138593480223789,
analcatdata_authorship,random_forest,3,1.0,0.1037225810578093,0.0139545688871294,
analcatdata_authorship,random_forest,4,0.999762978768468,0.1038152179680764,0.0139830929692834,
analcatdata_authorship,xgboost,0,0.9999614791987672,0.2851905839052051,0.0080372709780931,
analcatdata_authorship,xgboost,1,0.9998471314015348,0.0884537899401038,0.0089917150326073,
analcatdata_authorship,xgboost,2,0.9988151840676752,0.0794249789323657,0.00790738791693,
analcatdata_authorship,xgboost,3,0.9996922502997986,0.0798738690791651,0.0079413879429921,
analcatdata_authorship,xgboost,4,0.999516109586806,0.0801277669379487,0.0078973730560392,
analcatdata_authorship,lightgbm,0,0.9999614791987672,0.2162606130586937,0.0024598400341346,
analcatdata_authorship,lightgbm,1,1.0,0.2121473359875381,0.0023326009977608,
analcatdata_authorship,lightgbm,2,0.9999622071050642,0.2087690859334543,0.0023467419669032,
analcatdata_authorship,lightgbm,3,1.0,0.2131981040583923,0.0023868709104135,
analcatdata_authorship,lightgbm,4,0.9998547957194572,0.2112153859343379,0.0023671619128435,
analcatdata_authorship,catboost,0,1.0,1.525132813025266,0.0038305649068206,
analcatdata_authorship,catboost,1,0.9998471314015348,1.562265204032883,0.0031160990474745,
analcatdata_authorship,catboost,2,0.9998902546093064,1.5234917650232092,0.0039043049328029,
analcatdata_authorship,catboost,3,1.0,1.5531915460014716,0.0031041409820318,
analcatdata_authorship,catboost,4,0.9991728844962032,1.5265670029912144,0.0027684910455718,
analcatdata_authorship,tabpfn,0,1.0,0.7341645669657737,1.1808416729327291,
analcatdata_authorship,tabpfn,1,1.0,0.4449041109764948,0.5134130039950833,
analcatdata_authorship,tabpfn,2,1.0,0.3991676939185709,0.3599429220193997,
analcatdata_authorship,tabpfn,3,1.0,0.3886939568910748,0.3399529280140996,
analcatdata_authorship,tabpfn,4,1.0,0.4939533700235188,0.345076842000708,
analcatdata_authorship,tabicl,0,1.0,0.3028686488978565,0.3136687129735946,
analcatdata_authorship,tabicl,1,1.0,0.3256420459365472,0.167044154019095,
analcatdata_authorship,tabicl,2,1.0,0.3243600029964,0.0994118090020492,
analcatdata_authorship,tabicl,3,1.0,0.32156886998564,0.0994060200173407,
analcatdata_authorship,tabicl,4,1.0,0.3239576029591262,0.0993293549399823,
splice,random_forest,0,0.9912229578712668,0.1417211630614474,0.0214019590057432,
splice,random_forest,1,0.9943636352271126,0.1330295680090785,0.0215915209846571,
splice,random_forest,2,0.993333103554434,0.1353995500830933,0.0212884799111634,
splice,random_forest,3,0.9883258569659792,0.1335714650340378,0.0235864559654146,
splice,random_forest,4,0.9926957180539816,0.1338691890705377,0.0214115439448505,
splice,xgboost,0,0.9943215167006164,0.3045300469966605,0.0085025130538269,
splice,xgboost,1,0.9949864055487346,0.0968428020132705,0.1141973590711131,
splice,xgboost,2,0.9956575572844798,0.0970139870187267,0.0083099860930815,
splice,xgboost,3,0.9917808927176578,0.0964093060465529,0.0084003900410607,
splice,xgboost,4,0.9950507269160566,0.0964971779612824,0.0082149340305477,
splice,lightgbm,0,0.9940044434056464,0.0728260450996458,0.0088611569954082,
splice,lightgbm,1,0.9958691129381232,0.0708631799789145,0.0087761000031605,
splice,lightgbm,2,0.995861255795042,0.0705008300719782,0.008893925929442,
splice,lightgbm,3,0.9898036109965724,0.0691539229592308,0.0088546170154586,
splice,lightgbm,4,0.9961240277486726,0.0696952489670366,0.0089479759335517,
splice,catboost,0,0.9940570877682132,64.0609437309904,0.0079838680103421,
splice,catboost,1,0.9961015000248804,64.76205279596616,0.0066108190221711,
splice,catboost,2,0.9959786620935944,64.60661824001,0.0061855809763073,
splice,catboost,3,0.9930185660547876,82.02687339100521,0.0076795130735263,
splice,catboost,4,0.9965268240074634,67.15732229605783,0.0063414899632334,
splice,tabpfn,0,0.9939589357523804,0.8858193549094722,1.9256497441092504,
splice,tabpfn,1,0.9974077324570064,0.580931628937833,0.8178574939956889,
splice,tabpfn,2,0.9970118632529332,0.645705739967525,0.8186169370310381,
splice,tabpfn,3,0.9936078549696252,0.543356285081245,0.8290731130400673,
splice,tabpfn,4,0.9940332744793348,0.5238130299840122,0.8178780250018463,
splice,tabicl,0,0.9945839263222028,0.3650463540107012,0.4212189100217074,
splice,tabicl,1,0.997964099036682,0.3890121739823371,0.2380472200457006,
splice,tabicl,2,0.9972299867714332,0.3943393100053072,0.2384267660090699,
splice,tabicl,3,0.9942540718342948,0.3886020920472219,0.2404579799622297,
splice,tabicl,4,0.9972148407709264,0.3979494710220024,0.2382348100654781,
analcatdata_dmft,random_forest,0,0.5087255803679115,0.097589630051516,0.0144062140025198,
analcatdata_dmft,random_forest,1,0.5125515731157231,0.09239718306344,0.0142871860880404,
analcatdata_dmft,random_forest,2,0.555876599064298,0.0940901989815756,0.014325964031741,
analcatdata_dmft,random_forest,3,0.5285496700232456,0.0928537140134722,0.0142971109598875,
analcatdata_dmft,random_forest,4,0.5282922661955796,0.0930485859280452,0.0143657330190762,
analcatdata_dmft,xgboost,0,0.5294266933288103,0.3706330920103937,0.0037027839571237,
analcatdata_dmft,xgboost,1,0.5298525602870514,0.1588028080295771,0.0028819700237363,
analcatdata_dmft,xgboost,2,0.5720878177290839,0.1577588600339368,0.0028230720199644,
analcatdata_dmft,xgboost,3,0.5317993612619399,0.1572198070352897,0.002861239016056,
analcatdata_dmft,xgboost,4,0.5321997031667592,0.1597138470970094,0.0028842930914834,
analcatdata_dmft,lightgbm,0,0.5477280272239198,0.1485314540332183,0.0034419649746268,
analcatdata_dmft,lightgbm,1,0.571608959638633,0.1463788920082152,0.0033265330130234,
analcatdata_dmft,lightgbm,2,0.5481253457480436,0.1384970729704946,0.0033427779562771,
analcatdata_dmft,lightgbm,3,0.5458066105838291,0.1380305760540068,0.0033678649924695,
analcatdata_dmft,lightgbm,4,0.5341651738096175,0.1395314059918746,0.0033967880299314,
analcatdata_dmft,catboost,0,0.5598355178103859,3.3490965419914573,0.0020797729957848,
analcatdata_dmft,catboost,1,0.5409836270884015,3.3653042420046404,0.0022761860163882,
analcatdata_dmft,catboost,2,0.5545482440862647,3.4396815709769726,0.0017343369545415,
analcatdata_dmft,catboost,3,0.5523446534620127,3.376391393947415,0.0016589049482718,
analcatdata_dmft,catboost,4,0.5191679879871162,3.3724779849871998,0.0016865769866853,
analcatdata_dmft,tabpfn,0,0.5803945233074966,0.7498903500381857,1.1552108729956672,
analcatdata_dmft,tabpfn,1,0.5955383233112516,0.4374920320697129,0.3241633099969476,
analcatdata_dmft,tabpfn,2,0.600865563524112,0.3824093909934163,0.4809479870600626,
analcatdata_dmft,tabpfn,3,0.5829080280174064,0.383365457993932,0.3266213970491662,
analcatdata_dmft,tabpfn,4,0.5294604148545837,0.3835102829616517,0.3244182199705392,
analcatdata_dmft,tabicl,0,0.5775565021685863,0.237653570016846,0.07242420502007,
analcatdata_dmft,tabicl,1,0.5954112284119776,0.3716955769341439,0.0569793409667909,
analcatdata_dmft,tabicl,2,0.578924397227054,0.2321014570770785,0.0539661860093474,
analcatdata_dmft,tabicl,3,0.5968794590240075,0.2345299600856378,0.0527725749416276,
analcatdata_dmft,tabicl,4,0.5566419358926717,0.2320126140257343,0.0536386560415849,
tic-tac-toe,random_forest,0,0.9982563732563732,0.0995660710614174,0.0145580690586939,
tic-tac-toe,random_forest,1,1.0,0.0858162479707971,0.0144582700449973,
tic-tac-toe,random_forest,2,0.9933134328358209,0.0940348769072443,0.0144462719326838,
tic-tac-toe,random_forest,3,0.9930909090909092,0.0957730379886925,0.0145753739634528,
tic-tac-toe,random_forest,4,0.9917575757575756,0.0948625599266961,0.0145255300449207,
tic-tac-toe,xgboost,0,1.0,0.2226428650319576,0.0025011280085891,
tic-tac-toe,xgboost,1,1.0,0.0233546301024034,0.0025946079986169,
tic-tac-toe,xgboost,2,1.0,0.0189303050283342,0.002281620982103,
tic-tac-toe,xgboost,3,1.0,0.0188956339843571,0.0022957220207899,
tic-tac-toe,xgboost,4,1.0,0.0187422150047495,0.0022127069532871,
tic-tac-toe,lightgbm,0,0.9997594997594996,0.0271119599929079,0.0027875551022589,
tic-tac-toe,lightgbm,1,0.9998805970149254,0.0250513289356604,0.002662448096089,
tic-tac-toe,lightgbm,2,0.993910447761194,0.024143865914084,0.002738160896115,
tic-tac-toe,lightgbm,3,1.0,0.0255271269707009,0.0028332730289548,
tic-tac-toe,lightgbm,4,1.0,0.0245091399410739,0.0025617380160838,
tic-tac-toe,catboost,0,1.0,1.8256291759898888,0.0043207900598645,
tic-tac-toe,catboost,1,1.0,1.8154439750360325,0.0016320029972121,
tic-tac-toe,catboost,2,1.0,1.818802712019533,0.0015145980287343,
tic-tac-toe,catboost,3,1.0,1.7552079349989071,0.0013724649325013,
tic-tac-toe,catboost,4,1.0,1.8610172310145567,0.0015638309996575,
tic-tac-toe,tabpfn,0,0.9996392496392495,0.7524038939736784,1.2088038889924064,
tic-tac-toe,tabpfn,1,1.0,0.4665255169384181,0.3342261579819023,
tic-tac-toe,tabpfn,2,0.999641791044776,0.4062469128984958,0.3283548268955201,
tic-tac-toe,tabpfn,3,0.9995151515151516,0.4124945760704577,0.5035191150382161,
tic-tac-toe,tabpfn,4,1.0,0.4115848490037024,0.3295143150025978,
tic-tac-toe,tabicl,0,0.99987974987975,0.2646131810033694,0.0948071890743449,
tic-tac-toe,tabicl,1,0.999641791044776,0.4224056479288265,0.0749839929630979,
tic-tac-toe,tabicl,2,0.9983283582089552,0.2590140349930152,0.0754554850282147,
tic-tac-toe,tabicl,3,0.9991515151515152,0.2585309059359133,0.0759005580330267,
tic-tac-toe,tabicl,4,0.9996363636363635,0.2549107889644801,0.0751293289940804,
vehicle,random_forest,0,0.9331908731464672,0.0946354019688442,0.0136442669900134,
vehicle,random_forest,1,0.9306554948337588,0.0942849380662664,0.0133210041094571,
vehicle,random_forest,2,0.915659195315966,0.0925235489849001,0.0134161559399217,
vehicle,random_forest,3,0.9357469851152328,0.0922165910014882,0.013518638908863,
vehicle,random_forest,4,0.9298036920841036,0.0914875430753454,0.0135708369780331,
vehicle,xgboost,0,0.926184398332242,0.2887497149640694,0.0046524449717253,
vehicle,xgboost,1,0.9407311636256884,0.0782965619582682,0.0039324399549514,
vehicle,xgboost,2,0.9208282238372424,0.0778217740589752,0.0038554449565708,
vehicle,xgboost,3,0.9299466018782536,0.0793898239498958,0.003940713009797,
vehicle,xgboost,4,0.9236056187898763,0.077975763939321,0.0038885839749127,
vehicle,lightgbm,0,0.9280004074823018,0.1117816360201686,0.0022368490463122,
vehicle,lightgbm,1,0.9366500106487744,0.108924591098912,0.0020801549544557,
vehicle,lightgbm,2,0.9188742577235984,0.1089530240278691,0.002061255974695,
vehicle,lightgbm,3,0.9310223213377398,0.1079459999455139,0.0020740160252898,
vehicle,lightgbm,4,0.9199501356326044,0.107905229087919,0.0021915109828114,
vehicle,catboost,0,0.9338442720299294,1.0669889060081914,0.001564075006172,
vehicle,catboost,1,0.9480261188281698,1.0131838209927082,0.0019323340384289,
vehicle,catboost,2,0.9277899855541314,1.01437151490245,0.0015902740415185,
vehicle,catboost,3,0.9317802207863553,1.0156355110229924,0.0015451769577339,
vehicle,catboost,4,0.9278068051010806,1.0186297710752117,0.0015573350246995,
vehicle,tabpfn,0,0.985329157784981,0.7553450079867616,1.2233511870726943,
vehicle,tabpfn,1,0.9711693015117296,0.4516764840809628,0.4963972780387848,
vehicle,tabpfn,2,0.976051067744439,0.3980348430341109,0.3288119350327179,
vehicle,tabpfn,3,0.9835362149498754,0.3948536850512028,0.3332128440961241,
vehicle,tabpfn,4,0.9776523876640156,0.3939863110426813,0.3288175540510565,
vehicle,tabicl,0,0.981634915459421,0.2740278790006414,0.0991862049559131,
vehicle,tabicl,1,0.9739531105123488,0.2806680910289287,0.0768188860965892,
vehicle,tabicl,2,0.9764644245050764,0.4154436099343002,0.076256868080236,
vehicle,tabicl,3,0.9810687363207506,0.2639129409799352,0.0769962409976869,
vehicle,tabicl,4,0.9779278667069364,0.2639350841054693,0.0769742589909583,
mnist_784,random_forest,0,0.9990328712384194,11.493405557004737,0.1408760519698262,
mnist_784,random_forest,1,0.9991206408670514,11.460860750987194,0.1336847930215299,
mnist_784,random_forest,2,0.9988578530276838,11.27479775203392,0.1393729699775576,
mnist_784,random_forest,3,0.9991502018205984,11.465465712011792,0.1363361480180174,
mnist_784,random_forest,4,0.998947902247684,11.34816530405078,0.1385274679632857,
mnist_784,xgboost,0,0.9995877721404008,78.21130342897959,0.1385121080093085,
mnist_784,xgboost,1,0.9996321080718188,78.18610367400106,0.1371219850843772,
mnist_784,xgboost,2,0.9995015226507148,78.22701883595437,0.1379495990695431,
mnist_784,xgboost,3,0.999568837434663,78.24975919304416,0.1385302060516551,
mnist_784,xgboost,4,0.9995150925974676,77.8695874119876,0.1364410170353949,
mnist_784,lightgbm,0,0.9995782217183016,24.56412197905593,0.1721747199771925,
mnist_784,lightgbm,1,0.999554543936793,24.492348266998302,0.1761609149398282,
mnist_784,lightgbm,2,0.9994426998441956,24.104352000984363,0.192131292889826,
mnist_784,lightgbm,3,0.999541916568726,24.824366846936755,0.1617873279610648,
mnist_784,lightgbm,4,0.999460755947759,25.38732782308944,0.1696290139807388,
mnist_784,catboost,0,0.999254529695146,487.66440438397694,0.0427167589077726,
mnist_784,catboost,1,0.9993387776062028,491.9161956621101,0.0422412949847057,
mnist_784,catboost,2,0.9992033500060498,490.24797183997,0.040277634980157,
mnist_784,catboost,3,0.9993041659552032,492.67061363800894,0.0400560230482369,
mnist_784,catboost,4,0.9992328532567848,493.46521796204615,0.0415481850504875,
mnist_784,tabpfn,0,0.999871342397648,3.671412826050073,23.61336052999832,
mnist_784,tabpfn,1,0.9998954580782912,3.36939770297613,22.26920937595424,
mnist_784,tabpfn,2,0.9998640825151508,3.242360872915014,21.99299836403225,
mnist_784,tabpfn,3,0.9998689267308104,3.4711750469869003,22.133489293046296,
mnist_784,tabpfn,4,0.999839078162793,3.370172920054756,22.05269263498485,
mnist_784,tabicl,0,0.9998871143855512,22.264357485997607,115.09768184900167,
mnist_784,tabicl,1,0.9999512532340936,21.62188697999227,107.0937471040088,
mnist_784,tabicl,2,0.9999223752455744,21.273241194008733,113.1130061570002,
mnist_784,tabicl,3,0.9999337075050644,21.61424889099726,113.5438043109898,
mnist_784,tabicl,4,0.9998780785503748,21.807908678005333,104.40260202799982,
letter,random_forest,0,0.9995446295652944,0.3028035189490765,0.0240272480295971,
letter,random_forest,1,0.9994372605288496,0.3084785750834271,0.0238899830728769,
letter,random_forest,2,0.9995427991696332,0.3060738920466974,0.0240469080163165,
letter,random_forest,3,0.9994857107989944,0.3104872079566121,0.0248771439073607,
letter,random_forest,4,0.9996193262569386,0.2956435719970613,0.0239984159125015,
letter,xgboost,0,0.999524451215376,1.1501280460506678,0.038211862090975,
letter,xgboost,1,0.999572999349827,0.937609332962893,0.0376576560083776,
letter,xgboost,2,0.9995882000533,0.9377757400507108,0.0380075169960036,
letter,xgboost,3,0.9996945187809672,0.9394717769464478,0.0384495570324361,
letter,xgboost,4,0.9996860211847224,0.9370160179678352,0.0372439100174233,
letter,lightgbm,0,0.99965792054693,1.4502585330046711,0.0914019809570163,
letter,lightgbm,1,0.9995648164522452,1.4109996809856966,0.0950904360506683,
letter,lightgbm,2,0.999595988012598,1.4630072379950434,0.0969090959988534,
letter,lightgbm,3,0.9997343279946542,1.410769728012383,0.0906626189826056,
letter,lightgbm,4,0.9997292075712052,1.4079013749724254,0.0911816930165514,
letter,catboost,0,0.9996606532353424,13.64875768800266,0.0101703129475936,
letter,catboost,1,0.999654856320796,13.145381913054734,0.0095893270336091,
letter,catboost,2,0.9997282772113611,13.678872456075624,0.0098649080609902,
letter,catboost,3,0.9997642132505205,13.18971770000644,0.0098156939493492,
letter,catboost,4,0.9997359112309174,13.267707287101077,0.0098404710879549,
letter,tabpfn,0,0.9999778659476504,0.7474955799989402,2.530111907050013,
letter,tabpfn,1,0.9999618850424392,0.4561097020050511,1.4077480169944463,
letter,tabpfn,2,0.999967739741581,0.4615258420817554,1.4079408739926291,
letter,tabpfn,3,0.9999796191106944,0.442503119003959,1.406421048915945,
letter,tabpfn,4,0.9999754722634704,0.4641003269935027,1.407175594009459,
letter,tabicl,0,0.9999810187669684,0.465031826053746,3.03672367206309,
letter,tabicl,1,0.9999633935605096,0.4134640539996326,2.7062967059900984,
letter,tabicl,2,0.9999593850160142,0.3969832999864593,2.659235008060932,
letter,tabicl,3,0.9999721144478398,0.402015857049264,2.533715846017003,
letter,tabicl,4,0.99996580246628,0.4087412670487538,2.6271985669154674,
cylinder-bands,random_forest,0,0.886921458625526,0.094883591053076,0.0165769809391349,
cylinder-bands,random_forest,1,0.9109396914446004,0.0893898080103099,0.0165824389550834,
cylinder-bands,random_forest,2,0.8900771388499299,0.0939016459742561,0.0164232020033523,
cylinder-bands,random_forest,3,0.8835978835978836,0.0888806079747155,0.0164829120039939,
cylinder-bands,random_forest,4,0.9121693121693122,0.1005085489014163,0.016313488013111,
cylinder-bands,xgboost,0,0.8643057503506311,0.2537257720250636,0.0055154049769043,
cylinder-bands,xgboost,1,0.908485273492286,0.0544503820128738,0.0062947679543867,
cylinder-bands,xgboost,2,0.929873772791024,0.0493509270017966,0.0053778799483552,
cylinder-bands,xgboost,3,0.8772486772486772,0.047723680967465,0.0053443799261003,
cylinder-bands,xgboost,4,0.8885361552028218,0.0483555230312049,0.0053327030036598,
cylinder-bands,lightgbm,0,0.8930575035063113,0.0427165429573506,0.0046284119598567,
cylinder-bands,lightgbm,1,0.9126928471248248,0.0402697750832885,0.0045145120238885,
cylinder-bands,lightgbm,2,0.9249649368863956,0.039939361042343,0.0044981980463489,
cylinder-bands,lightgbm,3,0.8786596119929453,0.0401899049757048,0.004460060968995,
cylinder-bands,lightgbm,4,0.8977072310405644,0.0409195229876786,0.0044786789221689,
cylinder-bands,catboost,0,0.8397615708274894,9.477835609926842,0.0037474079290404,
cylinder-bands,catboost,1,0.8962131837307152,9.825668646022676,0.0031687059672549,
cylinder-bands,catboost,2,0.8948106591865358,9.840870025916956,0.0029549070168286,
cylinder-bands,catboost,3,0.874426807760141,6.539059604052454,0.0031135129975154,
cylinder-bands,catboost,4,0.9202821869488536,9.508553560939616,0.0028734049992635,
cylinder-bands,tabpfn,0,0.92671809256662,0.818576788995415,1.1733184069162237,
cylinder-bands,tabpfn,1,0.9221598877980364,0.5280327989021316,0.3331259130500257,
cylinder-bands,tabpfn,2,0.9305750350631136,0.4324385089566931,0.3320071049965918,
cylinder-bands,tabpfn,3,0.9118165784832452,0.4271272169426083,0.3313470300054177,
cylinder-bands,tabpfn,4,0.9305114638447972,0.5341288099298254,0.332530184998177,
cylinder-bands,tabicl,0,0.9190042075736324,0.2715607100399211,0.0952926010359078,
cylinder-bands,tabicl,1,0.9330294530154276,0.2985841810004785,0.0787557089934125,
cylinder-bands,tabicl,2,0.9382889200561012,0.2930380400503054,0.07817234902177,
cylinder-bands,tabicl,3,0.910405643738977,0.2913533069659024,0.077938409987837,
cylinder-bands,tabicl,4,0.9389770723104056,0.2844686000607908,0.0780399820068851,
